Date,Ticker,Company,PX1,PX2,PX3,PX4,PX5,PX6,PX7,PX8,PX9,PX10,Close,High,Low,Open,Volume,Revenue from Business Activities - Total,Gross Profit - Industrials/Property - Total,Operating Profit before Non-Recurring Income/Expense,"Earnings before Interest, Taxes, Depreciation & Amortization (EBITDA)",Income before Discontinued Operations & Extraordinary Items,Cash & Cash Equivalents,Cash & Short-Term Investments,Total Assets,Debt - Total,Common Equity - Total,Net Cash Flow from Operating Activities,"Depreciation, Depletion & Amortization including Impairment - Cash Flow - to Reconcile",Capital Expenditures - Net - Cash Flow,Net Change in Cash - Total,Free Cash Flow Net of Dividends,"Dividend Yield - Common Stock - Net - Issue Specific - %, TTM",EPS - Diluted - excluding Extraordinary Items Applicable to Common - Total,Shares used to calculate Diluted EPS - Total,Non-GAAP EPS Diluted - Company Reported,Gross Profit Margin - %,EBITDA Margin - %,Operating Margin - %,Income before Tax Margin - %,Income Tax Rate - %,Net Margin - %,"Free Cash Flow Yield - %, TTM","Return on Average Common Equity - % (Income available to Common excluding Extraordinary Items), TTM","Return on Average Total Assets - % (Income before Discontinued Operations & Extraordinary Items), TTM","Return on Invested Capital - %, TTM",Revenue from Business Activities - Total,Operating Profit before Non-Recurring Income/Expense,"Earnings before Interest, Taxes, Depreciation & Amortization (EBITDA)",Income before Discontinued Operations & Extraordinary Items,EPS - Diluted - excluding Extraordinary Items Applicable to Common - Total,Common Shares - Outstanding - Total,Total Debt Percentage of Total Assets,Total Debt Percentage of Total Capital,Total Debt Percentage of Total Equity,Interest Coverage Ratio,Dividend Coverage - %,Earnings Retention Rate,Dividend Payout Ratio - %,Market Capitalization,Debt - Total,Preferred Shareholders Equity,Minority Interest - Total,Cash & Short Term Investments - Total,Enterprise Value,"Asset Turnover, TTM","Income before Tax Margin - %, TTM","Pretax ROA - %, TTM","Total Assets to Total Shareholders Equity - including Minority Interest & Hybrid Debt, Average TTM","Pretax ROE - %, TTM","Tax Complement, TTM","Return on Average Common Equity - % (Income available to Common excluding Extraordinary Items), TTM","Earnings Retention Rate, TTM","Reinvestment Rate - %, TTM",Current Ratio,Quick Ratio,Working Capital to Total Assets,"Accounts Receivable Turnover, TTM","Average Receivables Collection Days, TTM","Payables Turnover, TTM","Average Payables Payment Days, TTM","Inventory Turnover, TTM","Average Inventory Days, TTM","Average Net Trade Cycle Days, TTM"
2021-03-31,AES,The AES Corporation,19.2926,30.79,42.2023,58.7852,77.5018,98.7106,113.7188,111.9681,110.5968,109.4942,23.454561233520508,23.891983122754702,23.419568350070456,23.690769454178675,5728000.0,2635.0,664.0,625.0,900.0,-29.0,1886.0,2073.0,35203.0,19884.0,2334.0,253.0,748.0,432.0,779.0,-279.0,2.47,-0.22,666.0,0.28,25.2,34.16,23.72,0.34,88.89,-1.1,4.91,-10.22,-0.31,0.7,2635.0,625.0,900.0,-29.0,-0.22,666.26,56.48,74.79,350.81,3.29,-146.53,0.38,61.64,17912.08,19884.0,1043.0,3324.0,2073.0,40090.08,0.29,1.78,0.51,6.68,3.41,0.24,-10.22,-7.98,-26.31,1.24,1.15,0.03,7.14,51.24,7.48,48.95,15.67,23.35,25.65
2021-04-01,AES,The AES Corporation,18.1646,26.8401,39.3412,55.8492,73.3338,106.1013,129.0221,124.7693,121.3994,118.6668,23.682022094726562,23.900733051151644,23.53329857761222,23.655777847880145,6138300.0,2635.0,664.0,625.0,900.0,-29.0,1886.0,2073.0,35203.0,19884.0,2334.0,253.0,748.0,432.0,779.0,-279.0,2.47,-0.22,666.0,0.28,25.2,34.16,23.72,0.34,88.89,-1.1,4.91,-10.22,-0.31,0.7,2635.0,625.0,900.0,-29.0,-0.22,666.26,56.48,74.79,350.81,3.29,-146.53,0.38,61.64,17912.08,19884.0,1043.0,3324.0,2073.0,40090.08,0.29,1.78,0.51,6.68,3.41,0.24,-10.22,-7.98,-26.31,1.24,1.15,0.03,7.14,51.24,7.48,48.95,15.67,23.35,25.65
2021-04-05,AES,The AES Corporation,17.3668,27.2497,38.494,54.0649,71.4429,100.6383,121.1389,116.0018,111.9477,108.6689,23.918230056762695,24.084450848976836,23.585788472334414,23.996966133672963,6462500.0,2635.0,664.0,625.0,900.0,-29.0,1886.0,2073.0,35203.0,19884.0,2334.0,253.0,748.0,432.0,779.0,-279.0,2.47,-0.22,666.0,0.28,25.2,34.16,23.72,0.34,88.89,-1.1,4.91,-10.22,-0.31,0.7,2635.0,625.0,900.0,-29.0,-0.22,666.26,56.48,74.79,350.81,3.29,-146.53,0.38,61.64,17912.08,19884.0,1043.0,3324.0,2073.0,40090.08,0.29,1.78,0.51,6.68,3.41,0.24,-10.22,-7.98,-26.31,1.24,1.15,0.03,7.14,51.24,7.48,48.95,15.67,23.35,25.65
2021-04-06,AES,The AES Corporation,18.2828,27.7947,39.4234,55.3432,73.3721,104.4022,126.1387,120.7978,116.5554,113.1037,24.338151931762695,24.51312134255656,23.734509300019027,23.848239917624632,5735800.0,2635.0,664.0,625.0,900.0,-29.0,1886.0,2073.0,35203.0,19884.0,2334.0,253.0,748.0,432.0,779.0,-279.0,2.47,-0.22,666.0,0.28,25.2,34.16,23.72,0.34,88.89,-1.1,4.91,-10.22,-0.31,0.7,2635.0,625.0,900.0,-29.0,-0.22,666.26,56.48,74.79,350.81,3.29,-146.53,0.38,61.64,17912.08,19884.0,1043.0,3324.0,2073.0,40090.08,0.29,1.78,0.51,6.68,3.41,0.24,-10.22,-7.98,-26.31,1.24,1.15,0.03,7.14,51.24,7.48,48.95,15.67,23.35,25.65
2021-04-07,AES,The AES Corporation,17.8738,28.2587,39.1586,55.4668,73.2566,104.0948,125.7002,119.6363,114.8392,110.9512,23.69951629638672,24.37314635523528,23.55079279857122,24.311907562363952,6073200.0,2635.0,664.0,625.0,900.0,-29.0,1886.0,2073.0,35203.0,19884.0,2334.0,253.0,748.0,432.0,779.0,-279.0,2.47,-0.22,666.0,0.28,25.2,34.16,23.72,0.34,88.89,-1.1,4.91,-10.22,-0.31,0.7,2635.0,625.0,900.0,-29.0,-0.22,666.26,56.48,74.79,350.81,3.29,-146.53,0.38,61.64,17912.08,19884.0,1043.0,3324.0,2073.0,40090.08,0.29,1.78,0.51,6.68,3.41,0.24,-10.22,-7.98,-26.31,1.24,1.15,0.03,7.14,51.24,7.48,48.95,15.67,23.35,25.65
2021-04-08,AES,The AES Corporation,18.156,28.1557,39.2134,55.4756,73.1965,102.2605,122.649,116.5998,111.8397,107.9993,24.215679168701172,24.276917974087073,23.848244667753484,23.848244667753484,4565800.0,2635.0,664.0,625.0,900.0,-29.0,1886.0,2073.0,35203.0,19884.0,2334.0,253.0,748.0,432.0,779.0,-279.0,2.47,-0.22,666.0,0.28,25.2,34.16,23.72,0.34,88.89,-1.1,4.91,-10.22,-0.31,0.7,2635.0,625.0,900.0,-29.0,-0.22,666.26,56.48,74.79,350.81,3.29,-146.53,0.38,61.64,17912.08,19884.0,1043.0,3324.0,2073.0,40090.08,0.29,1.78,0.51,6.68,3.41,0.24,-10.22,-7.98,-26.31,1.24,1.15,0.03,7.14,51.24,7.48,48.95,15.67,23.35,25.65
2021-04-09,AES,The AES Corporation,17.931,27.0677,39.1223,56.0737,73.7453,103.8224,124.9062,117.3753,111.4134,106.581,24.25067138671875,24.30316322014139,23.577042877450754,24.058206336732503,5970800.0,2635.0,664.0,625.0,900.0,-29.0,1886.0,2073.0,35203.0,19884.0,2334.0,253.0,748.0,432.0,779.0,-279.0,2.47,-0.22,666.0,0.28,25.2,34.16,23.72,0.34,88.89,-1.1,4.91,-10.22,-0.31,0.7,2635.0,625.0,900.0,-29.0,-0.22,666.26,56.48,74.79,350.81,3.29,-146.53,0.38,61.64,17912.08,19884.0,1043.0,3324.0,2073.0,40090.08,0.29,1.78,0.51,6.68,3.41,0.24,-10.22,-7.98,-26.31,1.24,1.15,0.03,7.14,51.24,7.48,48.95,15.67,23.35,25.65
2021-04-12,AES,The AES Corporation,18.518,28.1456,39.8215,56.0844,73.9313,102.8554,123.1404,115.6451,109.7272,104.9413,24.215679168701172,24.36440269690934,24.101948528442534,24.22442780784663,3761100.0,2635.0,664.0,625.0,900.0,-29.0,1886.0,2073.0,35203.0,19884.0,2334.0,253.0,748.0,432.0,779.0,-279.0,2.47,-0.22,666.0,0.28,25.2,34.16,23.72,0.34,88.89,-1.1,4.91,-10.22,-0.31,0.7,2635.0,625.0,900.0,-29.0,-0.22,666.26,56.48,74.79,350.81,3.29,-146.53,0.38,61.64,17912.08,19884.0,1043.0,3324.0,2073.0,40090.08,0.29,1.78,0.51,6.68,3.41,0.24,-10.22,-7.98,-26.31,1.24,1.15,0.03,7.14,51.24,7.48,48.95,15.67,23.35,25.65
2021-04-13,AES,The AES Corporation,18.6936,28.3727,40.1908,57.5592,75.1821,103.9579,124.1443,116.559,110.5701,105.7219,24.70558738708496,24.731833300385258,24.031957296732358,24.259416872772146,4947500.0,2635.0,664.0,625.0,900.0,-29.0,1886.0,2073.0,35203.0,19884.0,2334.0,253.0,748.0,432.0,779.0,-279.0,2.47,-0.22,666.0,0.28,25.2,34.16,23.72,0.34,88.89,-1.1,4.91,-10.22,-0.31,0.7,2635.0,625.0,900.0,-29.0,-0.22,666.26,56.48,74.79,350.81,3.29,-146.53,0.38,61.64,17912.08,19884.0,1043.0,3324.0,2073.0,40090.08,0.29,1.78,0.51,6.68,3.41,0.24,-10.22,-7.98,-26.31,1.24,1.15,0.03,7.14,51.24,7.48,48.95,15.67,23.35,25.65
2021-04-14,AES,The AES Corporation,18.6609,29.0767,40.9823,57.0732,74.9704,100.3181,118.159,110.7477,104.9308,100.247,24.81932258605957,25.01178764652251,24.60061160745663,24.609358578204287,3954600.0,2635.0,664.0,625.0,900.0,-29.0,1886.0,2073.0,35203.0,19884.0,2334.0,253.0,748.0,432.0,779.0,-279.0,2.47,-0.22,666.0,0.28,25.2,34.16,23.72,0.34,88.89,-1.1,4.91,-10.22,-0.31,0.7,2635.0,625.0,900.0,-29.0,-0.22,666.26,56.48,74.79,350.81,3.29,-146.53,0.38,61.64,17912.08,19884.0,1043.0,3324.0,2073.0,40090.08,0.29,1.78,0.51,6.68,3.41,0.24,-10.22,-7.98,-26.31,1.24,1.15,0.03,7.14,51.24,7.48,48.95,15.67,23.35,25.65
2021-04-15,AES,The AES Corporation,18.4627,29.3085,40.9968,57.3535,75.0532,100.088,117.7145,110.3063,104.4988,99.8256,24.95929527282715,25.116765761851937,24.81057175377691,24.93304935700692,4727800.0,2635.0,664.0,625.0,900.0,-29.0,1886.0,2073.0,35203.0,19884.0,2334.0,253.0,748.0,432.0,779.0,-279.0,2.47,-0.22,666.0,0.28,25.2,34.16,23.72,0.34,88.89,-1.1,4.91,-10.22,-0.31,0.7,2635.0,625.0,900.0,-29.0,-0.22,666.26,56.48,74.79,350.81,3.29,-146.53,0.38,61.64,17912.08,19884.0,1043.0,3324.0,2073.0,40090.08,0.29,1.78,0.51,6.68,3.41,0.24,-10.22,-7.98,-26.31,1.24,1.15,0.03,7.14,51.24,7.48,48.95,15.67,23.35,25.65
2021-04-16,AES,The AES Corporation,18.4717,29.1853,41.3148,57.893,75.9384,100.4587,117.7401,110.2204,104.3234,99.5835,25.046777725219727,25.239244432720692,24.941797401702978,25.1780056325639,5055200.0,2635.0,664.0,625.0,900.0,-29.0,1886.0,2073.0,35203.0,19884.0,2334.0,253.0,748.0,432.0,779.0,-279.0,2.47,-0.22,666.0,0.28,25.2,34.16,23.72,0.34,88.89,-1.1,4.91,-10.22,-0.31,0.7,2635.0,625.0,900.0,-29.0,-0.22,666.26,56.48,74.79,350.81,3.29,-146.53,0.38,61.64,17912.08,19884.0,1043.0,3324.0,2073.0,40090.08,0.29,1.78,0.51,6.68,3.41,0.24,-10.22,-7.98,-26.31,1.24,1.15,0.03,7.14,51.24,7.48,48.95,15.67,23.35,25.65
2021-04-19,AES,The AES Corporation,18.539,29.1814,41.8158,57.6981,76.4704,102.4784,120.7759,113.1298,107.1188,102.2766,24.793073654174805,25.10801795904204,24.57436270215748,24.994287329559032,5036800.0,2635.0,664.0,625.0,900.0,-29.0,1886.0,2073.0,35203.0,19884.0,2334.0,253.0,748.0,432.0,779.0,-279.0,2.47,-0.22,666.0,0.28,25.2,34.16,23.72,0.34,88.89,-1.1,4.91,-10.22,-0.31,0.7,2635.0,625.0,900.0,-29.0,-0.22,666.26,56.48,74.79,350.81,3.29,-146.53,0.38,61.64,17912.08,19884.0,1043.0,3324.0,2073.0,40090.08,0.29,1.78,0.51,6.68,3.41,0.24,-10.22,-7.98,-26.31,1.24,1.15,0.03,7.14,51.24,7.48,48.95,15.67,23.35,25.65
2021-04-20,AES,The AES Corporation,18.2346,29.1785,41.8043,58.2043,77.1053,102.3026,120.0333,112.4212,106.4437,101.6324,24.714336395263672,24.976788857672055,24.52187136740633,24.679341843672123,5736900.0,2635.0,664.0,625.0,900.0,-29.0,1886.0,2073.0,35203.0,19884.0,2334.0,253.0,748.0,432.0,779.0,-279.0,2.47,-0.22,666.0,0.28,25.2,34.16,23.72,0.34,88.89,-1.1,4.91,-10.22,-0.31,0.7,2635.0,625.0,900.0,-29.0,-0.22,666.26,56.48,74.79,350.81,3.29,-146.53,0.38,61.64,17912.08,19884.0,1043.0,3324.0,2073.0,40090.08,0.29,1.78,0.51,6.68,3.41,0.24,-10.22,-7.98,-26.31,1.24,1.15,0.03,7.14,51.24,7.48,48.95,15.67,23.35,25.65
2021-04-21,AES,The AES Corporation,19.245,30.4709,43.5799,59.7617,78.968,104.0216,121.6518,113.859,107.7373,102.8112,24.836816787719727,24.87181134325522,24.355653329532434,24.52187413106153,3878000.0,2635.0,664.0,625.0,900.0,-29.0,1886.0,2073.0,35203.0,19884.0,2334.0,253.0,748.0,432.0,779.0,-279.0,2.47,-0.22,666.0,0.28,25.2,34.16,23.72,0.34,88.89,-1.1,4.91,-10.22,-0.31,0.7,2635.0,625.0,900.0,-29.0,-0.22,666.26,56.48,74.79,350.81,3.29,-146.53,0.38,61.64,17912.08,19884.0,1043.0,3324.0,2073.0,40090.08,0.29,1.78,0.51,6.68,3.41,0.24,-10.22,-7.98,-26.31,1.24,1.15,0.03,7.14,51.24,7.48,48.95,15.67,23.35,25.65
2021-04-22,AES,The AES Corporation,19.5661,30.4829,43.5715,60.6835,79.5595,104.2297,121.5968,113.7654,107.6193,102.6733,24.775575637817383,25.2479920810133,24.758078361706698,25.081771295225984,4960600.0,2635.0,664.0,625.0,900.0,-29.0,1886.0,2073.0,35203.0,19884.0,2334.0,253.0,748.0,432.0,779.0,-279.0,2.47,-0.22,666.0,0.28,25.2,34.16,23.72,0.34,88.89,-1.1,4.91,-10.22,-0.31,0.7,2635.0,625.0,900.0,-29.0,-0.22,666.26,56.48,74.79,350.81,3.29,-146.53,0.38,61.64,17912.08,19884.0,1043.0,3324.0,2073.0,40090.08,0.29,1.78,0.51,6.68,3.41,0.24,-10.22,-7.98,-26.31,1.24,1.15,0.03,7.14,51.24,7.48,48.95,15.67,23.35,25.65
2021-04-23,AES,The AES Corporation,19.4994,30.5226,43.7854,60.9158,79.21,104.6313,122.5181,120.8583,119.557,118.5106,24.75808334350586,24.93305280255571,24.644354363166155,24.696844533428138,3297100.0,2635.0,664.0,625.0,900.0,-29.0,1886.0,2073.0,35203.0,19884.0,2334.0,253.0,748.0,432.0,779.0,-279.0,2.47,-0.22,666.0,0.28,25.2,34.16,23.72,0.34,88.89,-1.1,4.91,-10.22,-0.31,0.7,2635.0,625.0,900.0,-29.0,-0.22,666.26,56.48,74.79,350.81,3.29,-146.53,0.38,61.64,17912.08,19884.0,1043.0,3324.0,2073.0,40090.08,0.29,1.78,0.51,6.68,3.41,0.24,-10.22,-7.98,-26.31,1.24,1.15,0.03,7.14,51.24,7.48,48.95,15.67,23.35,25.65
2021-04-26,AES,The AES Corporation,19.8717,31.1118,43.49,60.4302,79.646,104.7568,122.4182,120.6963,119.3517,118.2744,24.679344177246094,24.880559530659454,24.486879131190072,24.880559530659454,3420100.0,2635.0,664.0,625.0,900.0,-29.0,1886.0,2073.0,35203.0,19884.0,2334.0,253.0,748.0,432.0,779.0,-279.0,2.47,-0.22,666.0,0.28,25.2,34.16,23.72,0.34,88.89,-1.1,4.91,-10.22,-0.31,0.7,2635.0,625.0,900.0,-29.0,-0.22,666.26,56.48,74.79,350.81,3.29,-146.53,0.38,61.64,17912.08,19884.0,1043.0,3324.0,2073.0,40090.08,0.29,1.78,0.51,6.68,3.41,0.24,-10.22,-7.98,-26.31,1.24,1.15,0.03,7.14,51.24,7.48,48.95,15.67,23.35,25.65
2021-04-27,AES,The AES Corporation,19.7358,30.7952,43.241,60.0472,79.5048,104.6246,122.2935,121.6616,121.1654,120.7657,24.32065773010254,24.749332673851452,24.241921652159448,24.731835396834725,2982300.0,2635.0,664.0,625.0,900.0,-29.0,1886.0,2073.0,35203.0,19884.0,2334.0,253.0,748.0,432.0,779.0,-279.0,2.47,-0.22,666.0,0.28,25.2,34.16,23.72,0.34,88.89,-1.1,4.91,-10.22,-0.31,0.7,2635.0,625.0,900.0,-29.0,-0.22,666.26,56.48,74.79,350.81,3.29,-146.53,0.38,61.64,17912.08,19884.0,1043.0,3324.0,2073.0,40090.08,0.29,1.78,0.51,6.68,3.41,0.24,-10.22,-7.98,-26.31,1.24,1.15,0.03,7.14,51.24,7.48,48.95,15.67,23.35,25.65
2021-04-28,AES,The AES Corporation,19.9165,30.4091,43.3032,60.2987,79.7372,103.9819,121.0409,120.29,119.7206,119.2764,24.46938133239746,24.51312452509108,24.25067037482591,24.29441356751953,3352200.0,2635.0,664.0,625.0,900.0,-29.0,1886.0,2073.0,35203.0,19884.0,2334.0,253.0,748.0,432.0,779.0,-279.0,2.47,-0.22,666.0,0.28,25.2,34.16,23.72,0.34,88.89,-1.1,4.91,-10.22,-0.31,0.7,2635.0,625.0,900.0,-29.0,-0.22,666.26,56.48,74.79,350.81,3.29,-146.53,0.38,61.64,17912.08,19884.0,1043.0,3324.0,2073.0,40090.08,0.29,1.78,0.51,6.68,3.41,0.24,-10.22,-7.98,-26.31,1.24,1.15,0.03,7.14,51.24,7.48,48.95,15.67,23.35,25.65
2021-04-29,AES,The AES Corporation,20.0202,30.1932,42.7397,60.3249,79.1604,110.986,133.2093,130.6314,128.589,126.9332,24.540630340576172,24.90126313027523,24.435080180400107,24.602201546960465,5413800.0,2635.0,664.0,625.0,900.0,-29.0,1886.0,2073.0,35203.0,19884.0,2334.0,253.0,748.0,432.0,779.0,-279.0,2.47,-0.22,666.0,0.28,25.2,34.16,23.72,0.34,88.89,-1.1,4.91,-10.22,-0.31,0.7,2635.0,625.0,900.0,-29.0,-0.22,666.26,56.48,74.79,350.81,3.29,-146.53,0.38,61.64,17912.08,19884.0,1043.0,3324.0,2073.0,40090.08,0.29,1.78,0.51,6.68,3.41,0.24,-10.22,-7.98,-26.31,1.24,1.15,0.03,7.14,51.24,7.48,48.95,15.67,23.35,25.65
2021-04-30,AES,The AES Corporation,19.242,29.0216,42.4877,59.7888,78.6367,110.6828,133.0532,130.5634,128.5848,126.9769,24.470258712768555,24.575810532107248,24.223973930460357,24.32072794735747,5369000.0,2635.0,664.0,625.0,900.0,-29.0,1886.0,2073.0,35203.0,19884.0,2334.0,253.0,748.0,432.0,779.0,-279.0,2.47,-0.22,666.0,0.28,25.2,34.16,23.72,0.34,88.89,-1.1,4.91,-10.22,-0.31,0.7,2635.0,625.0,900.0,-29.0,-0.22,666.26,56.48,74.79,350.81,3.29,-146.53,0.38,61.64,17912.08,19884.0,1043.0,3324.0,2073.0,40090.08,0.29,1.78,0.51,6.68,3.41,0.24,-10.22,-7.98,-26.31,1.24,1.15,0.03,7.14,51.24,7.48,48.95,15.67,23.35,25.65
2021-05-03,AES,The AES Corporation,19.6638,30.2673,43.0974,61.0727,80.1494,112.0267,134.2769,131.6997,129.6492,127.9813,24.056848526000977,24.69895046993834,24.048052402122355,24.62858315659848,5982100.0,2635.0,664.0,625.0,900.0,-29.0,1886.0,2073.0,35203.0,19884.0,2334.0,253.0,748.0,432.0,779.0,-279.0,2.47,-0.22,666.0,0.28,25.2,34.16,23.72,0.34,88.89,-1.1,4.91,-10.22,-0.31,0.7,2635.0,625.0,900.0,-29.0,-0.22,666.26,56.48,74.79,350.81,3.29,-146.53,0.38,61.64,17912.08,19884.0,1043.0,3324.0,2073.0,40090.08,0.29,1.78,0.51,6.68,3.41,0.24,-10.22,-7.98,-26.31,1.24,1.15,0.03,7.14,51.24,7.48,48.95,15.67,23.35,25.65
2021-05-04,AES,The AES Corporation,19.3939,31.4438,43.5723,60.6846,80.6968,106.8032,125.124,122.2113,120.0,118.2743,23.493913650512695,23.968894381154964,23.36197511789744,23.968894381154964,8082200.0,2635.0,664.0,625.0,900.0,-29.0,1886.0,2073.0,35203.0,19884.0,2334.0,253.0,748.0,432.0,779.0,-279.0,2.47,-0.22,666.0,0.28,25.2,34.16,23.72,0.34,88.89,-1.1,4.91,-10.22,-0.31,0.7,2635.0,625.0,900.0,-29.0,-0.22,666.26,56.48,74.79,350.81,3.29,-146.53,0.38,61.64,17912.08,19884.0,1043.0,3324.0,2073.0,40090.08,0.29,1.78,0.51,6.68,3.41,0.24,-10.22,-7.98,-26.31,1.24,1.15,0.03,7.14,51.24,7.48,48.95,15.67,23.35,25.65
2021-05-05,AES,The AES Corporation,19.9514,32.083,44.6066,60.9944,80.8391,106.3746,124.3009,121.3223,119.0707,117.3201,23.282808303833008,23.907319728726257,23.133277541057655,23.661033273070025,8271700.0,2635.0,664.0,625.0,900.0,-29.0,1886.0,2073.0,35203.0,19884.0,2334.0,253.0,748.0,432.0,779.0,-279.0,2.47,-0.22,666.0,0.28,25.2,34.16,23.72,0.34,88.89,-1.1,4.91,-10.22,-0.31,0.7,2635.0,625.0,900.0,-29.0,-0.22,666.26,56.48,74.79,350.81,3.29,-146.53,0.38,61.64,17912.08,19884.0,1043.0,3324.0,2073.0,40090.08,0.29,1.78,0.51,6.68,3.41,0.24,-10.22,-7.98,-26.31,1.24,1.15,0.03,7.14,51.24,7.48,48.95,15.67,23.35,25.65
2021-05-06,AES,The AES Corporation,19.6745,31.4184,43.1698,61.0701,82.1712,108.2719,126.5915,122.0295,118.461,115.5974,22.385629653930664,23.194854815899795,21.840281569210134,22.85181260224916,16043700.0,2635.0,664.0,625.0,900.0,-29.0,1886.0,2073.0,35203.0,19884.0,2334.0,253.0,748.0,432.0,779.0,-279.0,2.47,-0.22,666.0,0.28,25.2,34.16,23.72,0.34,88.89,-1.1,4.91,-10.22,-0.31,0.7,2635.0,625.0,900.0,-29.0,-0.22,666.26,56.48,74.79,350.81,3.29,-146.53,0.38,61.64,17912.08,19884.0,1043.0,3324.0,2073.0,40090.08,0.29,1.78,0.51,6.68,3.41,0.24,-10.22,-7.98,-26.31,1.24,1.15,0.03,7.14,51.24,7.48,48.95,15.67,23.35,25.65
2021-05-07,AES,The AES Corporation,20.1215,31.6747,43.9371,61.8167,83.3911,108.6905,126.458,121.7697,118.1124,115.1843,22.684690475463867,22.869404087805187,21.92824041877583,22.491179059461167,10752300.0,2635.0,664.0,625.0,900.0,-29.0,1886.0,2073.0,35203.0,19884.0,2334.0,253.0,748.0,432.0,779.0,-279.0,2.47,-0.22,666.0,0.28,25.2,34.16,23.72,0.34,88.89,-1.1,4.91,-10.22,-0.31,0.7,2635.0,625.0,900.0,-29.0,-0.22,666.26,56.48,74.79,350.81,3.29,-146.53,0.38,61.64,17912.08,19884.0,1043.0,3324.0,2073.0,40090.08,0.29,1.78,0.51,6.68,3.41,0.24,-10.22,-7.98,-26.31,1.24,1.15,0.03,7.14,51.24,7.48,48.95,15.67,23.35,25.65
2021-05-10,AES,The AES Corporation,19.9222,30.9988,43.9124,63.4973,85.0563,110.1834,127.8182,126.0445,124.6559,123.5401,22.631914138793945,23.010139174143,22.20971015046038,22.44720052303158,7076800.0,2635.0,664.0,625.0,900.0,-29.0,1886.0,2073.0,35203.0,19884.0,2334.0,253.0,748.0,432.0,779.0,-279.0,2.47,-0.22,666.0,0.28,25.2,34.16,23.72,0.34,88.89,-1.1,4.91,-10.22,-0.31,0.7,2635.0,625.0,900.0,-29.0,-0.22,666.26,56.48,74.79,350.81,3.29,-146.53,0.38,61.64,17912.08,19884.0,1043.0,3324.0,2073.0,40090.08,0.29,1.78,0.51,6.68,3.41,0.24,-10.22,-7.98,-26.31,1.24,1.15,0.03,7.14,51.24,7.48,48.95,15.67,23.35,25.65
2021-05-11,AES,The AES Corporation,20.4754,32.5681,45.1815,64.571,86.8605,112.5244,130.4413,128.6216,127.1792,126.008,22.288869857788086,22.394419998267466,21.910644886076973,22.236094787548396,5083900.0,2635.0,664.0,625.0,900.0,-29.0,1886.0,2073.0,35203.0,19884.0,2334.0,253.0,748.0,432.0,779.0,-279.0,2.47,-0.22,666.0,0.28,25.2,34.16,23.72,0.34,88.89,-1.1,4.91,-10.22,-0.31,0.7,2635.0,625.0,900.0,-29.0,-0.22,666.26,56.48,74.79,350.81,3.29,-146.53,0.38,61.64,17912.08,19884.0,1043.0,3324.0,2073.0,40090.08,0.29,1.78,0.51,6.68,3.41,0.24,-10.22,-7.98,-26.31,1.24,1.15,0.03,7.14,51.24,7.48,48.95,15.67,23.35,25.65
2021-05-12,AES,The AES Corporation,21.7193,33.3148,46.5,66.3552,89.6812,121.9118,144.3638,142.9903,141.7528,140.6441,21.65556526184082,22.455994198158912,21.60278851079242,22.148136527800567,4838700.0,2635.0,664.0,625.0,900.0,-29.0,1886.0,2073.0,35203.0,19884.0,2334.0,253.0,748.0,432.0,779.0,-279.0,2.47,-0.22,666.0,0.28,25.2,34.16,23.72,0.34,88.89,-1.1,4.91,-10.22,-0.31,0.7,2635.0,625.0,900.0,-29.0,-0.22,666.26,56.48,74.79,350.81,3.29,-146.53,0.38,61.64,17912.08,19884.0,1043.0,3324.0,2073.0,40090.08,0.29,1.78,0.51,6.68,3.41,0.24,-10.22,-7.98,-26.31,1.24,1.15,0.03,7.14,51.24,7.48,48.95,15.67,23.35,25.65
2021-05-13,AES,The AES Corporation,21.4534,34.0892,47.9856,68.9412,89.4317,115.8198,134.3023,133.7435,133.4366,133.2814,21.497238159179688,22.024993920808225,21.224563314429865,21.840278649278044,5307700.0,2635.0,664.0,625.0,900.0,-29.0,1886.0,2073.0,35203.0,19884.0,2334.0,253.0,748.0,432.0,779.0,-279.0,2.47,-0.22,666.0,0.28,25.2,34.16,23.72,0.34,88.89,-1.1,4.91,-10.22,-0.31,0.7,2635.0,625.0,900.0,-29.0,-0.22,666.26,56.48,74.79,350.81,3.29,-146.53,0.38,61.64,17912.08,19884.0,1043.0,3324.0,2073.0,40090.08,0.29,1.78,0.51,6.68,3.41,0.24,-10.22,-7.98,-26.31,1.24,1.15,0.03,7.14,51.24,7.48,48.95,15.67,23.35,25.65
2021-05-14,AES,The AES Corporation,21.3587,33.2891,46.9499,67.2049,87.453,113.7499,132.1693,131.6866,131.4496,131.3579,22.31525993347168,22.60552535845891,21.681952331543645,21.681952331543645,4893000.0,2635.0,664.0,625.0,900.0,-29.0,1886.0,2073.0,35203.0,19884.0,2334.0,253.0,748.0,432.0,779.0,-279.0,2.47,-0.22,666.0,0.28,25.2,34.16,23.72,0.34,88.89,-1.1,4.91,-10.22,-0.31,0.7,2635.0,625.0,900.0,-29.0,-0.22,666.26,56.48,74.79,350.81,3.29,-146.53,0.38,61.64,17912.08,19884.0,1043.0,3324.0,2073.0,40090.08,0.29,1.78,0.51,6.68,3.41,0.24,-10.22,-7.98,-26.31,1.24,1.15,0.03,7.14,51.24,7.48,48.95,15.67,23.35,25.65
2021-05-17,AES,The AES Corporation,21.1725,33.12,46.6823,67.3954,88.9072,114.7054,132.7872,132.1474,131.7944,131.6146,22.13934326171875,22.368037512727586,21.875466183156774,22.11295488278673,5523100.0,2635.0,664.0,625.0,900.0,-29.0,1886.0,2073.0,35203.0,19884.0,2334.0,253.0,748.0,432.0,779.0,-279.0,2.47,-0.22,666.0,0.28,25.2,34.16,23.72,0.34,88.89,-1.1,4.91,-10.22,-0.31,0.7,2635.0,625.0,900.0,-29.0,-0.22,666.26,56.48,74.79,350.81,3.29,-146.53,0.38,61.64,17912.08,19884.0,1043.0,3324.0,2073.0,40090.08,0.29,1.78,0.51,6.68,3.41,0.24,-10.22,-7.98,-26.31,1.24,1.15,0.03,7.14,51.24,7.48,48.95,15.67,23.35,25.65
2021-05-18,AES,The AES Corporation,21.0071,33.086,46.465,66.5735,89.0667,115.9377,134.7464,134.2401,133.9683,133.8367,21.893051147460938,22.218501026793163,21.866664452980704,22.218501026793163,4574900.0,2635.0,664.0,625.0,900.0,-29.0,1886.0,2073.0,35203.0,19884.0,2334.0,253.0,748.0,432.0,779.0,-279.0,2.47,-0.22,666.0,0.28,25.2,34.16,23.72,0.34,88.89,-1.1,4.91,-10.22,-0.31,0.7,2635.0,625.0,900.0,-29.0,-0.22,666.26,56.48,74.79,350.81,3.29,-146.53,0.38,61.64,17912.08,19884.0,1043.0,3324.0,2073.0,40090.08,0.29,1.78,0.51,6.68,3.41,0.24,-10.22,-7.98,-26.31,1.24,1.15,0.03,7.14,51.24,7.48,48.95,15.67,23.35,25.65
2021-05-19,AES,The AES Corporation,21.4613,33.5687,47.2739,68.0132,90.4922,117.907,137.0831,136.5667,136.2711,136.1094,21.937034606933594,21.963421304828913,21.409278839065802,21.558809612000186,7925100.0,2635.0,664.0,625.0,900.0,-29.0,1886.0,2073.0,35203.0,19884.0,2334.0,253.0,748.0,432.0,779.0,-279.0,2.47,-0.22,666.0,0.28,25.2,34.16,23.72,0.34,88.89,-1.1,4.91,-10.22,-0.31,0.7,2635.0,625.0,900.0,-29.0,-0.22,666.26,56.48,74.79,350.81,3.29,-146.53,0.38,61.64,17912.08,19884.0,1043.0,3324.0,2073.0,40090.08,0.29,1.78,0.51,6.68,3.41,0.24,-10.22,-7.98,-26.31,1.24,1.15,0.03,7.14,51.24,7.48,48.95,15.67,23.35,25.65
2021-05-20,AES,The AES Corporation,21.2694,33.6293,46.7879,67.3978,89.6806,115.7927,134.0724,133.4367,133.0784,132.888,22.29766845703125,22.49117818784525,21.945831820237878,21.989810770703517,8464600.0,2635.0,664.0,625.0,900.0,-29.0,1886.0,2073.0,35203.0,19884.0,2334.0,253.0,748.0,432.0,779.0,-279.0,2.47,-0.22,666.0,0.28,25.2,34.16,23.72,0.34,88.89,-1.1,4.91,-10.22,-0.31,0.7,2635.0,625.0,900.0,-29.0,-0.22,666.26,56.48,74.79,350.81,3.29,-146.53,0.38,61.64,17912.08,19884.0,1043.0,3324.0,2073.0,40090.08,0.29,1.78,0.51,6.68,3.41,0.24,-10.22,-7.98,-26.31,1.24,1.15,0.03,7.14,51.24,7.48,48.95,15.67,23.35,25.65
2021-05-21,AES,The AES Corporation,21.2196,33.6312,48.0147,69.2957,89.2228,114.4132,132.0623,131.3103,130.8844,130.6564,22.30646324157715,22.596728659191832,22.218503668244658,22.42080951252686,7333900.0,2635.0,664.0,625.0,900.0,-29.0,1886.0,2073.0,35203.0,19884.0,2334.0,253.0,748.0,432.0,779.0,-279.0,2.47,-0.22,666.0,0.28,25.2,34.16,23.72,0.34,88.89,-1.1,4.91,-10.22,-0.31,0.7,2635.0,625.0,900.0,-29.0,-0.22,666.26,56.48,74.79,350.81,3.29,-146.53,0.38,61.64,17912.08,19884.0,1043.0,3324.0,2073.0,40090.08,0.29,1.78,0.51,6.68,3.41,0.24,-10.22,-7.98,-26.31,1.24,1.15,0.03,7.14,51.24,7.48,48.95,15.67,23.35,25.65
2021-05-24,AES,The AES Corporation,21.3513,32.614,47.0227,67.115,88.8013,115.2612,133.661,133.0583,132.7267,132.5584,22.605525970458984,22.746260624099914,22.37683173887012,22.526362518074784,6359100.0,2635.0,664.0,625.0,900.0,-29.0,1886.0,2073.0,35203.0,19884.0,2334.0,253.0,748.0,432.0,779.0,-279.0,2.47,-0.22,666.0,0.28,25.2,34.16,23.72,0.34,88.89,-1.1,4.91,-10.22,-0.31,0.7,2635.0,625.0,900.0,-29.0,-0.22,666.26,56.48,74.79,350.81,3.29,-146.53,0.38,61.64,17912.08,19884.0,1043.0,3324.0,2073.0,40090.08,0.29,1.78,0.51,6.68,3.41,0.24,-10.22,-7.98,-26.31,1.24,1.15,0.03,7.14,51.24,7.48,48.95,15.67,23.35,25.65
2021-05-25,AES,The AES Corporation,20.1154,32.4905,44.6481,64.2572,86.5389,113.546,132.2987,131.8808,131.6919,131.6366,22.288869857788086,22.73746214904853,22.236094787548396,22.73746214904853,7455900.0,2635.0,664.0,625.0,900.0,-29.0,1886.0,2073.0,35203.0,19884.0,2334.0,253.0,748.0,432.0,779.0,-279.0,2.47,-0.22,666.0,0.28,25.2,34.16,23.72,0.34,88.89,-1.1,4.91,-10.22,-0.31,0.7,2635.0,625.0,900.0,-29.0,-0.22,666.26,56.48,74.79,350.81,3.29,-146.53,0.38,61.64,17912.08,19884.0,1043.0,3324.0,2073.0,40090.08,0.29,1.78,0.51,6.68,3.41,0.24,-10.22,-7.98,-26.31,1.24,1.15,0.03,7.14,51.24,7.48,48.95,15.67,23.35,25.65
2021-05-26,AES,The AES Corporation,20.2535,32.6518,44.8699,64.3503,86.8573,114.0176,132.8631,132.4248,132.2172,132.1449,22.394420623779297,22.56154364151043,22.11295133772009,22.385626176568067,5827700.0,2635.0,664.0,625.0,900.0,-29.0,1886.0,2073.0,35203.0,19884.0,2334.0,253.0,748.0,432.0,779.0,-279.0,2.47,-0.22,666.0,0.28,25.2,34.16,23.72,0.34,88.89,-1.1,4.91,-10.22,-0.31,0.7,2635.0,625.0,900.0,-29.0,-0.22,666.26,56.48,74.79,350.81,3.29,-146.53,0.38,61.64,17912.08,19884.0,1043.0,3324.0,2073.0,40090.08,0.29,1.78,0.51,6.68,3.41,0.24,-10.22,-7.98,-26.31,1.24,1.15,0.03,7.14,51.24,7.48,48.95,15.67,23.35,25.65
2021-05-27,AES,The AES Corporation,20.8784,32.3128,45.7734,65.8234,87.0231,113.1217,131.3451,130.7859,130.5034,130.3852,22.288869857788086,22.570339135985407,22.271277608478446,22.543950762020945,5363900.0,2635.0,664.0,625.0,900.0,-29.0,1886.0,2073.0,35203.0,19884.0,2334.0,253.0,748.0,432.0,779.0,-279.0,2.47,-0.22,666.0,0.28,25.2,34.16,23.72,0.34,88.89,-1.1,4.91,-10.22,-0.31,0.7,2635.0,625.0,900.0,-29.0,-0.22,666.26,56.48,74.79,350.81,3.29,-146.53,0.38,61.64,17912.08,19884.0,1043.0,3324.0,2073.0,40090.08,0.29,1.78,0.51,6.68,3.41,0.24,-10.22,-7.98,-26.31,1.24,1.15,0.03,7.14,51.24,7.48,48.95,15.67,23.35,25.65
2021-05-28,AES,The AES Corporation,21.5843,32.4686,46.8383,66.6642,87.6943,110.5516,126.5513,126.7825,126.954,127.0852,22.35044288635254,22.46479083855728,22.23609661183717,22.37683126248195,3574900.0,2635.0,664.0,625.0,900.0,-29.0,1886.0,2073.0,35203.0,19884.0,2334.0,253.0,748.0,432.0,779.0,-279.0,2.47,-0.22,666.0,0.28,25.2,34.16,23.72,0.34,88.89,-1.1,4.91,-10.22,-0.31,0.7,2635.0,625.0,900.0,-29.0,-0.22,666.26,56.48,74.79,350.81,3.29,-146.53,0.38,61.64,17912.08,19884.0,1043.0,3324.0,2073.0,40090.08,0.29,1.78,0.51,6.68,3.41,0.24,-10.22,-7.98,-26.31,1.24,1.15,0.03,7.14,51.24,7.48,48.95,15.67,23.35,25.65
2021-06-01,AES,The AES Corporation,20.2134,32.1323,44.6592,64.9435,84.7622,111.9854,131.0089,132.0999,132.8355,133.3449,22.54395294189453,22.693483720106798,22.359239339350236,22.49117786655179,4035200.0,2635.0,664.0,625.0,900.0,-29.0,1886.0,2073.0,35203.0,19884.0,2334.0,253.0,748.0,432.0,779.0,-279.0,2.47,-0.22,666.0,0.28,25.2,34.16,23.72,0.34,88.89,-1.1,4.91,-10.22,-0.31,0.7,2635.0,625.0,900.0,-29.0,-0.22,666.26,56.48,74.79,350.81,3.29,-146.53,0.38,61.64,17912.08,19884.0,1043.0,3324.0,2073.0,40090.08,0.29,1.78,0.51,6.68,3.41,0.24,-10.22,-7.98,-26.31,1.24,1.15,0.03,7.14,51.24,7.48,48.95,15.67,23.35,25.65
2021-06-02,AES,The AES Corporation,19.9139,31.5287,44.4199,64.7833,83.9937,106.8592,122.8812,123.3295,123.6931,123.9937,22.156930923461914,22.508767514541127,22.08656360524607,22.508767514541127,5187700.0,2635.0,664.0,625.0,900.0,-29.0,1886.0,2073.0,35203.0,19884.0,2334.0,253.0,748.0,432.0,779.0,-279.0,2.47,-0.22,666.0,0.28,25.2,34.16,23.72,0.34,88.89,-1.1,4.91,-10.22,-0.31,0.7,2635.0,625.0,900.0,-29.0,-0.22,666.26,56.48,74.79,350.81,3.29,-146.53,0.38,61.64,17912.08,19884.0,1043.0,3324.0,2073.0,40090.08,0.29,1.78,0.51,6.68,3.41,0.24,-10.22,-7.98,-26.31,1.24,1.15,0.03,7.14,51.24,7.48,48.95,15.67,23.35,25.65
2021-06-03,AES,The AES Corporation,20.2965,32.2827,44.7755,65.5579,85.2329,107.7625,123.5521,123.8771,124.149,124.3795,22.051382064819336,22.288872424783403,21.708341552219746,21.93703578651595,3555000.0,2635.0,664.0,625.0,900.0,-29.0,1886.0,2073.0,35203.0,19884.0,2334.0,253.0,748.0,432.0,779.0,-279.0,2.47,-0.22,666.0,0.28,25.2,34.16,23.72,0.34,88.89,-1.1,4.91,-10.22,-0.31,0.7,2635.0,625.0,900.0,-29.0,-0.22,666.26,56.48,74.79,350.81,3.29,-146.53,0.38,61.64,17912.08,19884.0,1043.0,3324.0,2073.0,40090.08,0.29,1.78,0.51,6.68,3.41,0.24,-10.22,-7.98,-26.31,1.24,1.15,0.03,7.14,51.24,7.48,48.95,15.67,23.35,25.65
2021-06-04,AES,The AES Corporation,20.3643,31.493,44.3432,64.787,84.3592,106.6053,122.1998,122.5287,122.8144,123.0633,21.95462989807129,22.244897058818044,21.66436441501423,22.121752957313138,6034500.0,2635.0,664.0,625.0,900.0,-29.0,1886.0,2073.0,35203.0,19884.0,2334.0,253.0,748.0,432.0,779.0,-279.0,2.47,-0.22,666.0,0.28,25.2,34.16,23.72,0.34,88.89,-1.1,4.91,-10.22,-0.31,0.7,2635.0,625.0,900.0,-29.0,-0.22,666.26,56.48,74.79,350.81,3.29,-146.53,0.38,61.64,17912.08,19884.0,1043.0,3324.0,2073.0,40090.08,0.29,1.78,0.51,6.68,3.41,0.24,-10.22,-7.98,-26.31,1.24,1.15,0.03,7.14,51.24,7.48,48.95,15.67,23.35,25.65
2021-06-07,AES,The AES Corporation,20.4002,31.4137,44.3684,64.8625,84.0295,106.8305,122.7991,123.2064,123.5423,123.8238,22.271282196044922,22.288874448978316,21.919445525824933,22.12175140149023,3692600.0,2635.0,664.0,625.0,900.0,-29.0,1886.0,2073.0,35203.0,19884.0,2334.0,253.0,748.0,432.0,779.0,-279.0,2.47,-0.22,666.0,0.28,25.2,34.16,23.72,0.34,88.89,-1.1,4.91,-10.22,-0.31,0.7,2635.0,625.0,900.0,-29.0,-0.22,666.26,56.48,74.79,350.81,3.29,-146.53,0.38,61.64,17912.08,19884.0,1043.0,3324.0,2073.0,40090.08,0.29,1.78,0.51,6.68,3.41,0.24,-10.22,-7.98,-26.31,1.24,1.15,0.03,7.14,51.24,7.48,48.95,15.67,23.35,25.65
2021-06-08,AES,The AES Corporation,20.2705,31.9772,43.943,63.5762,83.6119,106.2861,122.1682,122.575,122.9156,123.2045,22.271282196044922,22.499976451110307,22.14813978089032,22.33285340362222,3198800.0,2635.0,664.0,625.0,900.0,-29.0,1886.0,2073.0,35203.0,19884.0,2334.0,253.0,748.0,432.0,779.0,-279.0,2.47,-0.22,666.0,0.28,25.2,34.16,23.72,0.34,88.89,-1.1,4.91,-10.22,-0.31,0.7,2635.0,625.0,900.0,-29.0,-0.22,666.26,56.48,74.79,350.81,3.29,-146.53,0.38,61.64,17912.08,19884.0,1043.0,3324.0,2073.0,40090.08,0.29,1.78,0.51,6.68,3.41,0.24,-10.22,-7.98,-26.31,1.24,1.15,0.03,7.14,51.24,7.48,48.95,15.67,23.35,25.65
2021-06-09,AES,The AES Corporation,20.4746,32.0521,44.9186,65.4634,83.4811,105.9068,121.6174,121.9773,122.2899,122.5623,22.16573143005371,22.429608506108586,22.13934305137241,22.385629552662618,3357200.0,2635.0,664.0,625.0,900.0,-29.0,1886.0,2073.0,35203.0,19884.0,2334.0,253.0,748.0,432.0,779.0,-279.0,2.47,-0.22,666.0,0.28,25.2,34.16,23.72,0.34,88.89,-1.1,4.91,-10.22,-0.31,0.7,2635.0,625.0,900.0,-29.0,-0.22,666.26,56.48,74.79,350.81,3.29,-146.53,0.38,61.64,17912.08,19884.0,1043.0,3324.0,2073.0,40090.08,0.29,1.78,0.51,6.68,3.41,0.24,-10.22,-7.98,-26.31,1.24,1.15,0.03,7.14,51.24,7.48,48.95,15.67,23.35,25.65
2021-06-10,AES,The AES Corporation,20.1888,31.4937,44.3087,64.2884,83.1972,105.8583,121.7337,121.9967,122.1989,122.3589,22.32405662536621,22.41201620977547,22.06017954982796,22.21850646622672,3485400.0,2635.0,664.0,625.0,900.0,-29.0,1886.0,2073.0,35203.0,19884.0,2334.0,253.0,748.0,432.0,779.0,-279.0,2.47,-0.22,666.0,0.28,25.2,34.16,23.72,0.34,88.89,-1.1,4.91,-10.22,-0.31,0.7,2635.0,625.0,900.0,-29.0,-0.22,666.26,56.48,74.79,350.81,3.29,-146.53,0.38,61.64,17912.08,19884.0,1043.0,3324.0,2073.0,40090.08,0.29,1.78,0.51,6.68,3.41,0.24,-10.22,-7.98,-26.31,1.24,1.15,0.03,7.14,51.24,7.48,48.95,15.67,23.35,25.65
2021-06-11,AES,The AES Corporation,20.158,31.451,44.2033,64.171,83.7347,106.0496,121.6898,121.8594,121.997,122.111,22.763851165771484,22.781443416874403,22.394422281057224,22.4647912854689,3660800.0,2635.0,664.0,625.0,900.0,-29.0,1886.0,2073.0,35203.0,19884.0,2334.0,253.0,748.0,432.0,779.0,-279.0,2.47,-0.22,666.0,0.28,25.2,34.16,23.72,0.34,88.89,-1.1,4.91,-10.22,-0.31,0.7,2635.0,625.0,900.0,-29.0,-0.22,666.26,56.48,74.79,350.81,3.29,-146.53,0.38,61.64,17912.08,19884.0,1043.0,3324.0,2073.0,40090.08,0.29,1.78,0.51,6.68,3.41,0.24,-10.22,-7.98,-26.31,1.24,1.15,0.03,7.14,51.24,7.48,48.95,15.67,23.35,25.65
2021-06-14,AES,The AES Corporation,19.5997,31.1413,43.4853,63.8853,83.6282,105.6546,121.0981,121.1503,121.2118,121.2757,22.64070701599121,23.08929931835627,22.42080892724496,22.843012854992335,2618700.0,2635.0,664.0,625.0,900.0,-29.0,1886.0,2073.0,35203.0,19884.0,2334.0,253.0,748.0,432.0,779.0,-279.0,2.47,-0.22,666.0,0.28,25.2,34.16,23.72,0.34,88.89,-1.1,4.91,-10.22,-0.31,0.7,2635.0,625.0,900.0,-29.0,-0.22,666.26,56.48,74.79,350.81,3.29,-146.53,0.38,61.64,17912.08,19884.0,1043.0,3324.0,2073.0,40090.08,0.29,1.78,0.51,6.68,3.41,0.24,-10.22,-7.98,-26.31,1.24,1.15,0.03,7.14,51.24,7.48,48.95,15.67,23.35,25.65
2021-06-15,AES,The AES Corporation,19.5277,30.3533,43.3897,63.3961,82.667,104.4294,119.6893,119.7166,119.7355,119.7491,22.922178268432617,23.12448580248589,22.579137757407874,22.7022801608138,4043100.0,2635.0,664.0,625.0,900.0,-29.0,1886.0,2073.0,35203.0,19884.0,2334.0,253.0,748.0,432.0,779.0,-279.0,2.47,-0.22,666.0,0.28,25.2,34.16,23.72,0.34,88.89,-1.1,4.91,-10.22,-0.31,0.7,2635.0,625.0,900.0,-29.0,-0.22,666.26,56.48,74.79,350.81,3.29,-146.53,0.38,61.64,17912.08,19884.0,1043.0,3324.0,2073.0,40090.08,0.29,1.78,0.51,6.68,3.41,0.24,-10.22,-7.98,-26.31,1.24,1.15,0.03,7.14,51.24,7.48,48.95,15.67,23.35,25.65
2021-06-16,AES,The AES Corporation,19.6976,30.9907,43.595,61.7068,81.8764,103.5271,118.6973,118.6519,118.6305,118.6232,22.631914138793945,23.05411812712751,22.614321886524333,22.948567968888877,4970000.0,2635.0,664.0,625.0,900.0,-29.0,1886.0,2073.0,35203.0,19884.0,2334.0,253.0,748.0,432.0,779.0,-279.0,2.47,-0.22,666.0,0.28,25.2,34.16,23.72,0.34,88.89,-1.1,4.91,-10.22,-0.31,0.7,2635.0,625.0,900.0,-29.0,-0.22,666.26,56.48,74.79,350.81,3.29,-146.53,0.38,61.64,17912.08,19884.0,1043.0,3324.0,2073.0,40090.08,0.29,1.78,0.51,6.68,3.41,0.24,-10.22,-7.98,-26.31,1.24,1.15,0.03,7.14,51.24,7.48,48.95,15.67,23.35,25.65
2021-06-17,AES,The AES Corporation,19.2812,31.0089,42.5392,62.2079,81.9846,104.213,119.7944,118.7221,117.8844,117.2125,22.930973052978516,22.992544251080584,22.40321729002043,22.570340311789842,4101000.0,2635.0,664.0,625.0,900.0,-29.0,1886.0,2073.0,35203.0,19884.0,2334.0,253.0,748.0,432.0,779.0,-279.0,2.47,-0.22,666.0,0.28,25.2,34.16,23.72,0.34,88.89,-1.1,4.91,-10.22,-0.31,0.7,2635.0,625.0,900.0,-29.0,-0.22,666.26,56.48,74.79,350.81,3.29,-146.53,0.38,61.64,17912.08,19884.0,1043.0,3324.0,2073.0,40090.08,0.29,1.78,0.51,6.68,3.41,0.24,-10.22,-7.98,-26.31,1.24,1.15,0.03,7.14,51.24,7.48,48.95,15.67,23.35,25.65
2021-06-18,AES,The AES Corporation,19.8389,30.8695,44.5229,63.2706,83.3688,104.2008,118.8099,117.3301,116.218,115.3565,22.112957000732422,22.693487971322792,22.095366424115827,22.526366588482027,6538300.0,2635.0,664.0,625.0,900.0,-29.0,1886.0,2073.0,35203.0,19884.0,2334.0,253.0,748.0,432.0,779.0,-279.0,2.47,-0.22,666.0,0.28,25.2,34.16,23.72,0.34,88.89,-1.1,4.91,-10.22,-0.31,0.7,2635.0,625.0,900.0,-29.0,-0.22,666.26,56.48,74.79,350.81,3.29,-146.53,0.38,61.64,17912.08,19884.0,1043.0,3324.0,2073.0,40090.08,0.29,1.78,0.51,6.68,3.41,0.24,-10.22,-7.98,-26.31,1.24,1.15,0.03,7.14,51.24,7.48,48.95,15.67,23.35,25.65
2021-06-21,AES,The AES Corporation,19.7062,31.2386,43.8716,63.8567,82.911,105.5623,121.4494,120.343,119.4732,118.7704,23.001344680786133,23.05411976365175,22.209711727043306,22.332854146292963,4941300.0,2635.0,664.0,625.0,900.0,-29.0,1886.0,2073.0,35203.0,19884.0,2334.0,253.0,748.0,432.0,779.0,-279.0,2.47,-0.22,666.0,0.28,25.2,34.16,23.72,0.34,88.89,-1.1,4.91,-10.22,-0.31,0.7,2635.0,625.0,900.0,-29.0,-0.22,666.26,56.48,74.79,350.81,3.29,-146.53,0.38,61.64,17912.08,19884.0,1043.0,3324.0,2073.0,40090.08,0.29,1.78,0.51,6.68,3.41,0.24,-10.22,-7.98,-26.31,1.24,1.15,0.03,7.14,51.24,7.48,48.95,15.67,23.35,25.65
2021-06-22,AES,The AES Corporation,19.5324,31.1618,43.4025,62.8567,81.8573,104.5802,120.5059,120.7767,120.984,121.1476,22.64070701599121,22.96615692551894,22.61431864137352,22.904585729100276,3566600.0,2635.0,664.0,625.0,900.0,-29.0,1886.0,2073.0,35203.0,19884.0,2334.0,253.0,748.0,432.0,779.0,-279.0,2.47,-0.22,666.0,0.28,25.2,34.16,23.72,0.34,88.89,-1.1,4.91,-10.22,-0.31,0.7,2635.0,625.0,900.0,-29.0,-0.22,666.26,56.48,74.79,350.81,3.29,-146.53,0.38,61.64,17912.08,19884.0,1043.0,3324.0,2073.0,40090.08,0.29,1.78,0.51,6.68,3.41,0.24,-10.22,-7.98,-26.31,1.24,1.15,0.03,7.14,51.24,7.48,48.95,15.67,23.35,25.65
2021-06-23,AES,The AES Corporation,18.9891,30.3039,43.0593,63.895,81.3392,104.2979,120.3822,120.7076,120.9541,121.1465,22.746261596679688,22.922179082407986,22.552750181382233,22.702280966980503,3178200.0,2635.0,664.0,625.0,900.0,-29.0,1886.0,2073.0,35203.0,19884.0,2334.0,253.0,748.0,432.0,779.0,-279.0,2.47,-0.22,666.0,0.28,25.2,34.16,23.72,0.34,88.89,-1.1,4.91,-10.22,-0.31,0.7,2635.0,625.0,900.0,-29.0,-0.22,666.26,56.48,74.79,350.81,3.29,-146.53,0.38,61.64,17912.08,19884.0,1043.0,3324.0,2073.0,40090.08,0.29,1.78,0.51,6.68,3.41,0.24,-10.22,-7.98,-26.31,1.24,1.15,0.03,7.14,51.24,7.48,48.95,15.67,23.35,25.65
2021-06-24,AES,The AES Corporation,18.6587,30.266,42.1661,62.2203,80.5707,103.5147,119.5879,120.5747,121.3396,121.9493,22.843017578125,22.913384913965718,22.675896204059306,22.886998211581464,2949800.0,2635.0,664.0,625.0,900.0,-29.0,1886.0,2073.0,35203.0,19884.0,2334.0,253.0,748.0,432.0,779.0,-279.0,2.47,-0.22,666.0,0.28,25.2,34.16,23.72,0.34,88.89,-1.1,4.91,-10.22,-0.31,0.7,2635.0,625.0,900.0,-29.0,-0.22,666.26,56.48,74.79,350.81,3.29,-146.53,0.38,61.64,17912.08,19884.0,1043.0,3324.0,2073.0,40090.08,0.29,1.78,0.51,6.68,3.41,0.24,-10.22,-7.98,-26.31,1.24,1.15,0.03,7.14,51.24,7.48,48.95,15.67,23.35,25.65
2021-06-25,AES,The AES Corporation,19.7607,30.202,42.932,62.879,80.8838,102.1814,117.1208,116.9332,116.7836,116.6617,23.062911987304688,23.098096488386993,22.878198389690645,22.895790640231798,3341300.0,2635.0,664.0,625.0,900.0,-29.0,1886.0,2073.0,35203.0,19884.0,2334.0,253.0,748.0,432.0,779.0,-279.0,2.47,-0.22,666.0,0.28,25.2,34.16,23.72,0.34,88.89,-1.1,4.91,-10.22,-0.31,0.7,2635.0,625.0,900.0,-29.0,-0.22,666.26,56.48,74.79,350.81,3.29,-146.53,0.38,61.64,17912.08,19884.0,1043.0,3324.0,2073.0,40090.08,0.29,1.78,0.51,6.68,3.41,0.24,-10.22,-7.98,-26.31,1.24,1.15,0.03,7.14,51.24,7.48,48.95,15.67,23.35,25.65
2021-06-28,AES,The AES Corporation,18.9261,29.4577,42.728,61.7936,79.5049,101.3196,116.6071,117.5188,118.2244,118.7861,23.335586547851562,23.423544444086392,22.948565429198865,23.062911700917738,3359800.0,2635.0,664.0,625.0,900.0,-29.0,1886.0,2073.0,35203.0,19884.0,2334.0,253.0,748.0,432.0,779.0,-279.0,2.47,-0.22,666.0,0.28,25.2,34.16,23.72,0.34,88.89,-1.1,4.91,-10.22,-0.31,0.7,2635.0,625.0,900.0,-29.0,-0.22,666.26,56.48,74.79,350.81,3.29,-146.53,0.38,61.64,17912.08,19884.0,1043.0,3324.0,2073.0,40090.08,0.29,1.78,0.51,6.68,3.41,0.24,-10.22,-7.98,-26.31,1.24,1.15,0.03,7.14,51.24,7.48,48.95,15.67,23.35,25.65
2021-06-29,AES,The AES Corporation,19.0363,30.2098,42.7312,62.0864,79.4698,101.3395,116.6663,118.0549,119.1311,119.9888,23.19485092163086,23.748993361891728,23.1772586720507,23.300401063733283,4447600.0,2635.0,664.0,625.0,900.0,-29.0,1886.0,2073.0,35203.0,19884.0,2334.0,253.0,748.0,432.0,779.0,-279.0,2.47,-0.22,666.0,0.28,25.2,34.16,23.72,0.34,88.89,-1.1,4.91,-10.22,-0.31,0.7,2635.0,625.0,900.0,-29.0,-0.22,666.26,56.48,74.79,350.81,3.29,-146.53,0.38,61.64,17912.08,19884.0,1043.0,3324.0,2073.0,40090.08,0.29,1.78,0.51,6.68,3.41,0.24,-10.22,-7.98,-26.31,1.24,1.15,0.03,7.14,51.24,7.48,48.95,15.67,23.35,25.65
2021-06-30,AES,The AES Corporation,18.7942,29.6117,42.4863,61.1177,77.7501,99.7611,115.1803,116.6652,117.8214,118.7468,22.930973052978516,23.265219096517345,22.711074958220088,23.186055648189168,6329100.0,2700.0,728.0,689.0,952.0,-81.0,1213.0,1495.0,34727.0,20009.0,2222.0,351.0,1135.0,567.0,-580.0,-316.0,2.25,0.03,670.0,0.31,26.96,35.26,25.52,-4.81,88.89,-3.0,3.45,-5.94,-0.55,0.7,2700.0,689.0,952.0,-81.0,0.03,666.33,57.62,75.35,370.74,2.91,-146.53,1.0,0.0,17371.21,20009.0,1043.0,3281.0,1495.0,40209.21,0.3,-0.56,-0.17,6.9,-1.16,0.24,-5.94,-7.98,-22.67,1.28,1.17,0.03,7.49,48.87,6.85,53.39,15.57,23.51,18.99
2021-07-01,AES,The AES Corporation,18.7454,29.3677,41.9266,60.8591,77.5562,99.6853,115.1856,117.0465,118.4883,119.637,23.15966796875,23.265219795588962,22.948565992761452,23.15966796875,4103100.0,2700.0,728.0,689.0,952.0,-81.0,1213.0,1495.0,34727.0,20009.0,2222.0,351.0,1135.0,567.0,-580.0,-316.0,2.25,0.03,670.0,0.31,26.96,35.26,25.52,-4.81,88.89,-3.0,3.45,-5.94,-0.55,0.7,2700.0,689.0,952.0,-81.0,0.03,666.33,57.62,75.35,370.74,2.91,-146.53,1.0,0.0,17371.21,20009.0,1043.0,3281.0,1495.0,40209.21,0.3,-0.56,-0.17,6.9,-1.16,0.24,-5.94,-7.98,-22.67,1.28,1.17,0.03,7.49,48.87,6.85,53.39,15.57,23.51,18.99
2021-07-02,AES,The AES Corporation,18.6781,29.1849,41.9137,61.2422,77.5677,98.3967,113.0023,114.6064,115.89,116.9417,23.010135650634766,23.300401057877366,22.93976833002108,23.300401057877366,3312800.0,2700.0,728.0,689.0,952.0,-81.0,1213.0,1495.0,34727.0,20009.0,2222.0,351.0,1135.0,567.0,-580.0,-316.0,2.25,0.03,670.0,0.31,26.96,35.26,25.52,-4.81,88.89,-3.0,3.45,-5.94,-0.55,0.7,2700.0,689.0,952.0,-81.0,0.03,666.33,57.62,75.35,370.74,2.91,-146.53,1.0,0.0,17371.21,20009.0,1043.0,3281.0,1495.0,40209.21,0.3,-0.56,-0.17,6.9,-1.16,0.24,-5.94,-7.98,-22.67,1.28,1.17,0.03,7.49,48.87,6.85,53.39,15.57,23.51,18.99
2021-07-06,AES,The AES Corporation,17.9696,28.4421,41.6242,60.9068,76.0648,98.4823,114.171,116.6739,118.6107,120.1526,22.869403839111328,23.11569033057766,22.587934521829503,23.0805058270727,3579200.0,2700.0,728.0,689.0,952.0,-81.0,1213.0,1495.0,34727.0,20009.0,2222.0,351.0,1135.0,567.0,-580.0,-316.0,2.25,0.03,670.0,0.31,26.96,35.26,25.52,-4.81,88.89,-3.0,3.45,-5.94,-0.55,0.7,2700.0,689.0,952.0,-81.0,0.03,666.33,57.62,75.35,370.74,2.91,-146.53,1.0,0.0,17371.21,20009.0,1043.0,3281.0,1495.0,40209.21,0.3,-0.56,-0.17,6.9,-1.16,0.24,-5.94,-7.98,-22.67,1.28,1.17,0.03,7.49,48.87,6.85,53.39,15.57,23.51,18.99
2021-07-07,AES,The AES Corporation,17.9763,28.8116,41.5428,60.1011,75.9314,97.8163,113.1409,115.5154,117.3742,118.8689,22.860605239868164,23.018932133131628,22.719870596453813,22.799034043085545,2948500.0,2700.0,728.0,689.0,952.0,-81.0,1213.0,1495.0,34727.0,20009.0,2222.0,351.0,1135.0,567.0,-580.0,-316.0,2.25,0.03,670.0,0.31,26.96,35.26,25.52,-4.81,88.89,-3.0,3.45,-5.94,-0.55,0.7,2700.0,689.0,952.0,-81.0,0.03,666.33,57.62,75.35,370.74,2.91,-146.53,1.0,0.0,17371.21,20009.0,1043.0,3281.0,1495.0,40209.21,0.3,-0.56,-0.17,6.9,-1.16,0.24,-5.94,-7.98,-22.67,1.28,1.17,0.03,7.49,48.87,6.85,53.39,15.57,23.51,18.99
2021-07-08,AES,The AES Corporation,18.7105,29.1618,42.2057,60.6542,77.5877,99.8677,115.4653,116.6869,117.6326,118.3855,22.420806884765625,22.807827955455373,22.10415312895682,22.464787505121915,5596600.0,2700.0,728.0,689.0,952.0,-81.0,1213.0,1495.0,34727.0,20009.0,2222.0,351.0,1135.0,567.0,-580.0,-316.0,2.25,0.03,670.0,0.31,26.96,35.26,25.52,-4.81,88.89,-3.0,3.45,-5.94,-0.55,0.7,2700.0,689.0,952.0,-81.0,0.03,666.33,57.62,75.35,370.74,2.91,-146.53,1.0,0.0,17371.21,20009.0,1043.0,3281.0,1495.0,40209.21,0.3,-0.56,-0.17,6.9,-1.16,0.24,-5.94,-7.98,-22.67,1.28,1.17,0.03,7.49,48.87,6.85,53.39,15.57,23.51,18.99
2021-07-09,AES,The AES Corporation,18.5026,28.9653,41.3161,59.5433,76.9627,99.2401,114.8315,116.0735,117.039,117.8106,22.631914138793945,22.755058226991707,22.44720052303158,22.675894769467973,6073200.0,2700.0,728.0,689.0,952.0,-81.0,1213.0,1495.0,34727.0,20009.0,2222.0,351.0,1135.0,567.0,-580.0,-316.0,2.25,0.03,670.0,0.31,26.96,35.26,25.52,-4.81,88.89,-3.0,3.45,-5.94,-0.55,0.7,2700.0,689.0,952.0,-81.0,0.03,666.33,57.62,75.35,370.74,2.91,-146.53,1.0,0.0,17371.21,20009.0,1043.0,3281.0,1495.0,40209.21,0.3,-0.56,-0.17,6.9,-1.16,0.24,-5.94,-7.98,-22.67,1.28,1.17,0.03,7.49,48.87,6.85,53.39,15.57,23.51,18.99
2021-07-12,AES,The AES Corporation,18.0521,28.2331,40.9219,59.6437,76.6879,98.9081,114.4448,116.6039,118.2737,119.602,22.825424194335938,22.843014767864823,22.341647351969183,22.570341584738834,6083600.0,2700.0,728.0,689.0,952.0,-81.0,1213.0,1495.0,34727.0,20009.0,2222.0,351.0,1135.0,567.0,-580.0,-316.0,2.25,0.03,670.0,0.31,26.96,35.26,25.52,-4.81,88.89,-3.0,3.45,-5.94,-0.55,0.7,2700.0,689.0,952.0,-81.0,0.03,666.33,57.62,75.35,370.74,2.91,-146.53,1.0,0.0,17371.21,20009.0,1043.0,3281.0,1495.0,40209.21,0.3,-0.56,-0.17,6.9,-1.16,0.24,-5.94,-7.98,-22.67,1.28,1.17,0.03,7.49,48.87,6.85,53.39,15.57,23.51,18.99
2021-07-13,AES,The AES Corporation,18.1384,28.8573,41.4734,59.2428,76.4545,98.4681,113.8612,115.9868,117.6384,118.9581,21.919443130493164,22.851810624110467,21.884258628471297,22.799035548767066,6107600.0,2700.0,728.0,689.0,952.0,-81.0,1213.0,1495.0,34727.0,20009.0,2222.0,351.0,1135.0,567.0,-580.0,-316.0,2.25,0.03,670.0,0.31,26.96,35.26,25.52,-4.81,88.89,-3.0,3.45,-5.94,-0.55,0.7,2700.0,689.0,952.0,-81.0,0.03,666.33,57.62,75.35,370.74,2.91,-146.53,1.0,0.0,17371.21,20009.0,1043.0,3281.0,1495.0,40209.21,0.3,-0.56,-0.17,6.9,-1.16,0.24,-5.94,-7.98,-22.67,1.28,1.17,0.03,7.49,48.87,6.85,53.39,15.57,23.51,18.99
2021-07-14,AES,The AES Corporation,17.9532,28.7965,41.304,60.272,76.4297,98.8039,114.4439,116.0153,117.2309,118.1983,21.945833206176758,22.341648818432596,21.937037079990247,22.00740441179281,3645300.0,2700.0,728.0,689.0,952.0,-81.0,1213.0,1495.0,34727.0,20009.0,2222.0,351.0,1135.0,567.0,-580.0,-316.0,2.25,0.03,670.0,0.31,26.96,35.26,25.52,-4.81,88.89,-3.0,3.45,-5.94,-0.55,0.7,2700.0,689.0,952.0,-81.0,0.03,666.33,57.62,75.35,370.74,2.91,-146.53,1.0,0.0,17371.21,20009.0,1043.0,3281.0,1495.0,40209.21,0.3,-0.56,-0.17,6.9,-1.16,0.24,-5.94,-7.98,-22.67,1.28,1.17,0.03,7.49,48.87,6.85,53.39,15.57,23.51,18.99
2021-07-15,AES,The AES Corporation,19.2409,29.3732,42.5361,59.7727,78.34,98.4767,112.5598,113.433,114.1875,114.843,21.620386123657227,21.901855488304356,21.453263059264337,21.75232467862435,5489000.0,2700.0,728.0,689.0,952.0,-81.0,1213.0,1495.0,34727.0,20009.0,2222.0,351.0,1135.0,567.0,-580.0,-316.0,2.25,0.03,670.0,0.31,26.96,35.26,25.52,-4.81,88.89,-3.0,3.45,-5.94,-0.55,0.7,2700.0,689.0,952.0,-81.0,0.03,666.33,57.62,75.35,370.74,2.91,-146.53,1.0,0.0,17371.21,20009.0,1043.0,3281.0,1495.0,40209.21,0.3,-0.56,-0.17,6.9,-1.16,0.24,-5.94,-7.98,-22.67,1.28,1.17,0.03,7.49,48.87,6.85,53.39,15.57,23.51,18.99
2021-07-16,AES,The AES Corporation,18.978,29.9402,42.8993,61.4235,79.2336,101.4935,117.0619,119.9964,122.2655,124.0704,21.426868438720703,21.840276205601313,21.294928254809175,21.699541575272207,6356800.0,2700.0,728.0,689.0,952.0,-81.0,1213.0,1495.0,34727.0,20009.0,2222.0,351.0,1135.0,567.0,-580.0,-316.0,2.25,0.03,670.0,0.31,26.96,35.26,25.52,-4.81,88.89,-3.0,3.45,-5.94,-0.55,0.7,2700.0,689.0,952.0,-81.0,0.03,666.33,57.62,75.35,370.74,2.91,-146.53,1.0,0.0,17371.21,20009.0,1043.0,3281.0,1495.0,40209.21,0.3,-0.56,-0.17,6.9,-1.16,0.24,-5.94,-7.98,-22.67,1.28,1.17,0.03,7.49,48.87,6.85,53.39,15.57,23.51,18.99
2021-07-19,AES,The AES Corporation,19.7857,31.3207,43.9833,63.4152,85.5437,106.4674,121.1186,120.8713,120.6769,120.5203,20.740793228149414,21.15420114194069,20.608854675040686,21.031058716064503,7643800.0,2700.0,728.0,689.0,952.0,-81.0,1213.0,1495.0,34727.0,20009.0,2222.0,351.0,1135.0,567.0,-580.0,-316.0,2.25,0.03,670.0,0.31,26.96,35.26,25.52,-4.81,88.89,-3.0,3.45,-5.94,-0.55,0.7,2700.0,689.0,952.0,-81.0,0.03,666.33,57.62,75.35,370.74,2.91,-146.53,1.0,0.0,17371.21,20009.0,1043.0,3281.0,1495.0,40209.21,0.3,-0.56,-0.17,6.9,-1.16,0.24,-5.94,-7.98,-22.67,1.28,1.17,0.03,7.49,48.87,6.85,53.39,15.57,23.51,18.99
2021-07-20,AES,The AES Corporation,20.8712,32.1304,45.8472,66.0511,84.934,107.4022,123.1163,123.113,123.0691,123.005,21.198177337646484,21.356504239287553,20.767177259673225,20.81995233432379,6737400.0,2700.0,728.0,689.0,952.0,-81.0,1213.0,1495.0,34727.0,20009.0,2222.0,351.0,1135.0,567.0,-580.0,-316.0,2.25,0.03,670.0,0.31,26.96,35.26,25.52,-4.81,88.89,-3.0,3.45,-5.94,-0.55,0.7,2700.0,689.0,952.0,-81.0,0.03,666.33,57.62,75.35,370.74,2.91,-146.53,1.0,0.0,17371.21,20009.0,1043.0,3281.0,1495.0,40209.21,0.3,-0.56,-0.17,6.9,-1.16,0.24,-5.94,-7.98,-22.67,1.28,1.17,0.03,7.49,48.87,6.85,53.39,15.57,23.51,18.99
2021-07-21,AES,The AES Corporation,20.4325,32.4645,46.3818,67.9241,87.123,110.993,127.6559,129.0912,130.2009,131.0835,21.426868438720703,21.56760306904981,21.286133808391593,21.35650112355615,4619000.0,2700.0,728.0,689.0,952.0,-81.0,1213.0,1495.0,34727.0,20009.0,2222.0,351.0,1135.0,567.0,-580.0,-316.0,2.25,0.03,670.0,0.31,26.96,35.26,25.52,-4.81,88.89,-3.0,3.45,-5.94,-0.55,0.7,2700.0,689.0,952.0,-81.0,0.03,666.33,57.62,75.35,370.74,2.91,-146.53,1.0,0.0,17371.21,20009.0,1043.0,3281.0,1495.0,40209.21,0.3,-0.56,-0.17,6.9,-1.16,0.24,-5.94,-7.98,-22.67,1.28,1.17,0.03,7.49,48.87,6.85,53.39,15.57,23.51,18.99
2021-07-22,AES,The AES Corporation,21.0151,33.8195,47.1594,68.9026,89.0023,112.1844,128.3675,129.5822,130.5327,131.2965,21.1278133392334,21.54122123152642,21.05744600272204,21.532425104751297,5477000.0,2700.0,728.0,689.0,952.0,-81.0,1213.0,1495.0,34727.0,20009.0,2222.0,351.0,1135.0,567.0,-580.0,-316.0,2.25,0.03,670.0,0.31,26.96,35.26,25.52,-4.81,88.89,-3.0,3.45,-5.94,-0.55,0.7,2700.0,689.0,952.0,-81.0,0.03,666.33,57.62,75.35,370.74,2.91,-146.53,1.0,0.0,17371.21,20009.0,1043.0,3281.0,1495.0,40209.21,0.3,-0.56,-0.17,6.9,-1.16,0.24,-5.94,-7.98,-22.67,1.28,1.17,0.03,7.49,48.87,6.85,53.39,15.57,23.51,18.99
2021-07-23,AES,The AES Corporation,21.5016,33.8503,46.9186,68.3006,87.2851,109.9552,125.7831,126.9821,127.945,128.7361,21.022258758544922,21.338912570462853,20.81115677649611,21.224564614963857,5729500.0,2700.0,728.0,689.0,952.0,-81.0,1213.0,1495.0,34727.0,20009.0,2222.0,351.0,1135.0,567.0,-580.0,-316.0,2.25,0.03,670.0,0.31,26.96,35.26,25.52,-4.81,88.89,-3.0,3.45,-5.94,-0.55,0.7,2700.0,689.0,952.0,-81.0,0.03,666.33,57.62,75.35,370.74,2.91,-146.53,1.0,0.0,17371.21,20009.0,1043.0,3281.0,1495.0,40209.21,0.3,-0.56,-0.17,6.9,-1.16,0.24,-5.94,-7.98,-22.67,1.28,1.17,0.03,7.49,48.87,6.85,53.39,15.57,23.51,18.99
2021-07-26,AES,The AES Corporation,20.6742,32.8261,45.9176,67.8514,87.1553,110.3907,126.6003,127.8958,128.9185,129.7463,21.11021614074707,21.26854303023295,20.969481500690563,21.031052696004128,4904300.0,2700.0,728.0,689.0,952.0,-81.0,1213.0,1495.0,34727.0,20009.0,2222.0,351.0,1135.0,567.0,-580.0,-316.0,2.25,0.03,670.0,0.31,26.96,35.26,25.52,-4.81,88.89,-3.0,3.45,-5.94,-0.55,0.7,2700.0,689.0,952.0,-81.0,0.03,666.33,57.62,75.35,370.74,2.91,-146.53,1.0,0.0,17371.21,20009.0,1043.0,3281.0,1495.0,40209.21,0.3,-0.56,-0.17,6.9,-1.16,0.24,-5.94,-7.98,-22.67,1.28,1.17,0.03,7.49,48.87,6.85,53.39,15.57,23.51,18.99
2021-07-27,AES,The AES Corporation,20.629,32.7721,45.855,67.2681,86.7953,110.2688,126.6395,128.0106,129.07,129.9123,21.382890701293945,21.382890701293945,20.828748229367857,20.9958712545507,5488400.0,2700.0,728.0,689.0,952.0,-81.0,1213.0,1495.0,34727.0,20009.0,2222.0,351.0,1135.0,567.0,-580.0,-316.0,2.25,0.03,670.0,0.31,26.96,35.26,25.52,-4.81,88.89,-3.0,3.45,-5.94,-0.55,0.7,2700.0,689.0,952.0,-81.0,0.03,666.33,57.62,75.35,370.74,2.91,-146.53,1.0,0.0,17371.21,20009.0,1043.0,3281.0,1495.0,40209.21,0.3,-0.56,-0.17,6.9,-1.16,0.24,-5.94,-7.98,-22.67,1.28,1.17,0.03,7.49,48.87,6.85,53.39,15.57,23.51,18.99
2021-07-28,AES,The AES Corporation,20.611,32.6977,45.7518,67.2795,86.8657,110.2717,126.5983,127.9441,128.9871,129.8184,21.303728103637695,21.541218462974058,21.127810623813644,21.506035638085017,2984300.0,2700.0,728.0,689.0,952.0,-81.0,1213.0,1495.0,34727.0,20009.0,2222.0,351.0,1135.0,567.0,-580.0,-316.0,2.25,0.03,670.0,0.31,26.96,35.26,25.52,-4.81,88.89,-3.0,3.45,-5.94,-0.55,0.7,2700.0,689.0,952.0,-81.0,0.03,666.33,57.62,75.35,370.74,2.91,-146.53,1.0,0.0,17371.21,20009.0,1043.0,3281.0,1495.0,40209.21,0.3,-0.56,-0.17,6.9,-1.16,0.24,-5.94,-7.98,-22.67,1.28,1.17,0.03,7.49,48.87,6.85,53.39,15.57,23.51,18.99
2021-07-29,AES,The AES Corporation,20.8522,31.976,45.0608,65.9246,86.8897,108.8796,124.2231,125.2064,126.0228,126.7114,21.34770965576172,21.523627143199246,21.294932899609915,21.40928086024933,3328000.0,2700.0,728.0,689.0,952.0,-81.0,1213.0,1495.0,34727.0,20009.0,2222.0,351.0,1135.0,567.0,-580.0,-316.0,2.25,0.03,670.0,0.31,26.96,35.26,25.52,-4.81,88.89,-3.0,3.45,-5.94,-0.55,0.7,2700.0,689.0,952.0,-81.0,0.03,666.33,57.62,75.35,370.74,2.91,-146.53,1.0,0.0,17371.21,20009.0,1043.0,3281.0,1495.0,40209.21,0.3,-0.56,-0.17,6.9,-1.16,0.24,-5.94,-7.98,-22.67,1.28,1.17,0.03,7.49,48.87,6.85,53.39,15.57,23.51,18.99
2021-07-30,AES,The AES Corporation,20.9433,31.7368,44.8439,66.7551,87.2147,108.0438,122.5783,123.2747,123.9059,124.4733,20.976852416992188,21.437102733361936,20.932596442596093,21.14502005511893,5208900.0,2700.0,728.0,689.0,952.0,-81.0,1213.0,1495.0,34727.0,20009.0,2222.0,351.0,1135.0,567.0,-580.0,-316.0,2.25,0.03,670.0,0.31,26.96,35.26,25.52,-4.81,88.89,-3.0,3.45,-5.94,-0.55,0.7,2700.0,689.0,952.0,-81.0,0.03,666.33,57.62,75.35,370.74,2.91,-146.53,1.0,0.0,17371.21,20009.0,1043.0,3281.0,1495.0,40209.21,0.3,-0.56,-0.17,6.9,-1.16,0.24,-5.94,-7.98,-22.67,1.28,1.17,0.03,7.49,48.87,6.85,53.39,15.57,23.51,18.99
2021-08-02,AES,The AES Corporation,20.9559,32.3121,45.4318,66.4082,86.8457,108.2852,123.2331,124.0539,124.7668,125.3886,20.86178970336914,21.17157478817437,20.81753541476535,21.17157478817437,5567500.0,2700.0,728.0,689.0,952.0,-81.0,1213.0,1495.0,34727.0,20009.0,2222.0,351.0,1135.0,567.0,-580.0,-316.0,2.25,0.03,670.0,0.31,26.96,35.26,25.52,-4.81,88.89,-3.0,3.45,-5.94,-0.55,0.7,2700.0,689.0,952.0,-81.0,0.03,666.33,57.62,75.35,370.74,2.91,-146.53,1.0,0.0,17371.21,20009.0,1043.0,3281.0,1495.0,40209.21,0.3,-0.56,-0.17,6.9,-1.16,0.24,-5.94,-7.98,-22.67,1.28,1.17,0.03,7.49,48.87,6.85,53.39,15.57,23.51,18.99
2021-08-03,AES,The AES Corporation,21.0783,32.7273,45.8107,66.3141,87.6238,108.3558,122.817,125.154,126.9413,128.3503,21.171571731567383,21.34859223681133,20.81753240927214,20.932594555945848,10843600.0,2700.0,728.0,689.0,952.0,-81.0,1213.0,1495.0,34727.0,20009.0,2222.0,351.0,1135.0,567.0,-580.0,-316.0,2.25,0.03,670.0,0.31,26.96,35.26,25.52,-4.81,88.89,-3.0,3.45,-5.94,-0.55,0.7,2700.0,689.0,952.0,-81.0,0.03,666.33,57.62,75.35,370.74,2.91,-146.53,1.0,0.0,17371.21,20009.0,1043.0,3281.0,1495.0,40209.21,0.3,-0.56,-0.17,6.9,-1.16,0.24,-5.94,-7.98,-22.67,1.28,1.17,0.03,7.49,48.87,6.85,53.39,15.57,23.51,18.99
2021-08-04,AES,The AES Corporation,20.8107,33.0524,46.1275,67.9523,88.1993,111.1734,127.1878,129.5322,131.3411,132.7776,20.923744201660156,21.153870192436568,20.755576571940743,21.01225445783458,4894500.0,2700.0,728.0,689.0,952.0,-81.0,1213.0,1495.0,34727.0,20009.0,2222.0,351.0,1135.0,567.0,-580.0,-316.0,2.25,0.03,670.0,0.31,26.96,35.26,25.52,-4.81,88.89,-3.0,3.45,-5.94,-0.55,0.7,2700.0,689.0,952.0,-81.0,0.03,666.33,57.62,75.35,370.74,2.91,-146.53,1.0,0.0,17371.21,20009.0,1043.0,3281.0,1495.0,40209.21,0.3,-0.56,-0.17,6.9,-1.16,0.24,-5.94,-7.98,-22.67,1.28,1.17,0.03,7.49,48.87,6.85,53.39,15.57,23.51,18.99
2021-08-05,AES,The AES Corporation,20.56,32.6976,46.0207,68.3546,87.3173,110.1889,126.1333,128.4957,130.3273,131.7876,21.994712829589844,22.35760332317428,21.091911348295245,21.50790731484038,10640800.0,2700.0,728.0,689.0,952.0,-81.0,1213.0,1495.0,34727.0,20009.0,2222.0,351.0,1135.0,567.0,-580.0,-316.0,2.25,0.03,670.0,0.31,26.96,35.26,25.52,-4.81,88.89,-3.0,3.45,-5.94,-0.55,0.7,2700.0,689.0,952.0,-81.0,0.03,666.33,57.62,75.35,370.74,2.91,-146.53,1.0,0.0,17371.21,20009.0,1043.0,3281.0,1495.0,40209.21,0.3,-0.56,-0.17,6.9,-1.16,0.24,-5.94,-7.98,-22.67,1.28,1.17,0.03,7.49,48.87,6.85,53.39,15.57,23.51,18.99
2021-08-06,AES,The AES Corporation,20.3893,31.8824,45.8451,67.2427,86.3027,108.958,124.7526,127.1151,128.9594,130.4387,21.773441314697266,22.552327891396974,21.738036535296335,22.24254282441002,7489800.0,2700.0,728.0,689.0,952.0,-81.0,1213.0,1495.0,34727.0,20009.0,2222.0,351.0,1135.0,567.0,-580.0,-316.0,2.25,0.03,670.0,0.31,26.96,35.26,25.52,-4.81,88.89,-3.0,3.45,-5.94,-0.55,0.7,2700.0,689.0,952.0,-81.0,0.03,666.33,57.62,75.35,370.74,2.91,-146.53,1.0,0.0,17371.21,20009.0,1043.0,3281.0,1495.0,40209.21,0.3,-0.56,-0.17,6.9,-1.16,0.24,-5.94,-7.98,-22.67,1.28,1.17,0.03,7.49,48.87,6.85,53.39,15.57,23.51,18.99
2021-08-09,AES,The AES Corporation,20.0401,31.7815,45.9232,66.5962,85.6571,109.0246,125.2944,127.8754,129.8629,131.4383,21.392845153808594,21.764586840543494,21.383993960291985,21.72918206647705,5950600.0,2700.0,728.0,689.0,952.0,-81.0,1213.0,1495.0,34727.0,20009.0,2222.0,351.0,1135.0,567.0,-580.0,-316.0,2.25,0.03,670.0,0.31,26.96,35.26,25.52,-4.81,88.89,-3.0,3.45,-5.94,-0.55,0.7,2700.0,689.0,952.0,-81.0,0.03,666.33,57.62,75.35,370.74,2.91,-146.53,1.0,0.0,17371.21,20009.0,1043.0,3281.0,1495.0,40209.21,0.3,-0.56,-0.17,6.9,-1.16,0.24,-5.94,-7.98,-22.67,1.28,1.17,0.03,7.49,48.87,6.85,53.39,15.57,23.51,18.99
2021-08-10,AES,The AES Corporation,19.783,32.2083,45.3172,65.4844,84.9504,108.0776,124.1841,125.914,127.2511,128.3145,21.543310165405273,21.89734943385307,21.330886604336595,21.42824634803949,4612800.0,2700.0,728.0,689.0,952.0,-81.0,1213.0,1495.0,34727.0,20009.0,2222.0,351.0,1135.0,567.0,-580.0,-316.0,2.25,0.03,670.0,0.31,26.96,35.26,25.52,-4.81,88.89,-3.0,3.45,-5.94,-0.55,0.7,2700.0,689.0,952.0,-81.0,0.03,666.33,57.62,75.35,370.74,2.91,-146.53,1.0,0.0,17371.21,20009.0,1043.0,3281.0,1495.0,40209.21,0.3,-0.56,-0.17,6.9,-1.16,0.24,-5.94,-7.98,-22.67,1.28,1.17,0.03,7.49,48.87,6.85,53.39,15.57,23.51,18.99
2021-08-11,AES,The AES Corporation,19.6599,32.0436,45.2533,66.3529,83.6108,107.3675,123.8996,125.8109,127.2758,128.4319,22.030115127563477,22.06551990039934,21.56986489804464,21.56986489804464,4700600.0,2700.0,728.0,689.0,952.0,-81.0,1213.0,1495.0,34727.0,20009.0,2222.0,351.0,1135.0,567.0,-580.0,-316.0,2.25,0.03,670.0,0.31,26.96,35.26,25.52,-4.81,88.89,-3.0,3.45,-5.94,-0.55,0.7,2700.0,689.0,952.0,-81.0,0.03,666.33,57.62,75.35,370.74,2.91,-146.53,1.0,0.0,17371.21,20009.0,1043.0,3281.0,1495.0,40209.21,0.3,-0.56,-0.17,6.9,-1.16,0.24,-5.94,-7.98,-22.67,1.28,1.17,0.03,7.49,48.87,6.85,53.39,15.57,23.51,18.99
2021-08-12,AES,The AES Corporation,19.6878,31.8947,44.3645,65.8818,82.8211,106.2228,122.5077,124.376,125.8243,126.979,22.224842071533203,22.30450113680838,21.932759394921813,21.932759394921813,4353900.0,2700.0,728.0,689.0,952.0,-81.0,1213.0,1495.0,34727.0,20009.0,2222.0,351.0,1135.0,567.0,-580.0,-316.0,2.25,0.03,670.0,0.31,26.96,35.26,25.52,-4.81,88.89,-3.0,3.45,-5.94,-0.55,0.7,2700.0,689.0,952.0,-81.0,0.03,666.33,57.62,75.35,370.74,2.91,-146.53,1.0,0.0,17371.21,20009.0,1043.0,3281.0,1495.0,40209.21,0.3,-0.56,-0.17,6.9,-1.16,0.24,-5.94,-7.98,-22.67,1.28,1.17,0.03,7.49,48.87,6.85,53.39,15.57,23.51,18.99
2021-08-13,AES,The AES Corporation,20.5207,32.1935,44.621,65.6772,84.8625,107.0729,122.5425,122.2607,122.0408,121.8648,21.94161033630371,22.295649684441216,21.906205557393573,22.12748036100361,3286100.0,2700.0,728.0,689.0,952.0,-81.0,1213.0,1495.0,34727.0,20009.0,2222.0,351.0,1135.0,567.0,-580.0,-316.0,2.25,0.03,670.0,0.31,26.96,35.26,25.52,-4.81,88.89,-3.0,3.45,-5.94,-0.55,0.7,2700.0,689.0,952.0,-81.0,0.03,666.33,57.62,75.35,370.74,2.91,-146.53,1.0,0.0,17371.21,20009.0,1043.0,3281.0,1495.0,40209.21,0.3,-0.56,-0.17,6.9,-1.16,0.24,-5.94,-7.98,-22.67,1.28,1.17,0.03,7.49,48.87,6.85,53.39,15.57,23.51,18.99
2021-08-16,AES,The AES Corporation,20.0926,31.6885,44.8809,65.1537,84.1096,107.5715,123.8947,124.4348,124.8513,125.1819,21.56101417541504,21.932755857342627,21.56101417541504,21.82654322470938,2679900.0,2700.0,728.0,689.0,952.0,-81.0,1213.0,1495.0,34727.0,20009.0,2222.0,351.0,1135.0,567.0,-580.0,-316.0,2.25,0.03,670.0,0.31,26.96,35.26,25.52,-4.81,88.89,-3.0,3.45,-5.94,-0.55,0.7,2700.0,689.0,952.0,-81.0,0.03,666.33,57.62,75.35,370.74,2.91,-146.53,1.0,0.0,17371.21,20009.0,1043.0,3281.0,1495.0,40209.21,0.3,-0.56,-0.17,6.9,-1.16,0.24,-5.94,-7.98,-22.67,1.28,1.17,0.03,7.49,48.87,6.85,53.39,15.57,23.51,18.99
2021-08-17,AES,The AES Corporation,19.5367,31.0958,44.1645,66.1837,83.5517,106.6354,122.6992,123.206,123.6104,123.941,21.322040557861328,21.45480510454908,21.012255490128037,21.40169962351254,3452300.0,2700.0,728.0,689.0,952.0,-81.0,1213.0,1495.0,34727.0,20009.0,2222.0,351.0,1135.0,567.0,-580.0,-316.0,2.25,0.03,670.0,0.31,26.96,35.26,25.52,-4.81,88.89,-3.0,3.45,-5.94,-0.55,0.7,2700.0,689.0,952.0,-81.0,0.03,666.33,57.62,75.35,370.74,2.91,-146.53,1.0,0.0,17371.21,20009.0,1043.0,3281.0,1495.0,40209.21,0.3,-0.56,-0.17,6.9,-1.16,0.24,-5.94,-7.98,-22.67,1.28,1.17,0.03,7.49,48.87,6.85,53.39,15.57,23.51,18.99
2021-08-18,AES,The AES Corporation,19.7737,31.2235,44.303,64.5842,83.1958,105.938,121.7641,122.2105,122.5824,122.8971,21.029958724975586,21.419402874010192,21.012256334521087,21.383998093101194,4970600.0,2700.0,728.0,689.0,952.0,-81.0,1213.0,1495.0,34727.0,20009.0,2222.0,351.0,1135.0,567.0,-580.0,-316.0,2.25,0.03,670.0,0.31,26.96,35.26,25.52,-4.81,88.89,-3.0,3.45,-5.94,-0.55,0.7,2700.0,689.0,952.0,-81.0,0.03,666.33,57.62,75.35,370.74,2.91,-146.53,1.0,0.0,17371.21,20009.0,1043.0,3281.0,1495.0,40209.21,0.3,-0.56,-0.17,6.9,-1.16,0.24,-5.94,-7.98,-22.67,1.28,1.17,0.03,7.49,48.87,6.85,53.39,15.57,23.51,18.99
2021-08-19,AES,The AES Corporation,20.59,31.3094,44.4066,64.1784,85.2534,106.3082,120.9806,119.0535,117.5566,116.3615,20.923744201660156,21.189274970183426,20.817533244805023,20.88834111210602,5192600.0,2700.0,728.0,689.0,952.0,-81.0,1213.0,1495.0,34727.0,20009.0,2222.0,351.0,1135.0,567.0,-580.0,-316.0,2.25,0.03,670.0,0.31,26.96,35.26,25.52,-4.81,88.89,-3.0,3.45,-5.94,-0.55,0.7,2700.0,689.0,952.0,-81.0,0.03,666.33,57.62,75.35,370.74,2.91,-146.53,1.0,0.0,17371.21,20009.0,1043.0,3281.0,1495.0,40209.21,0.3,-0.56,-0.17,6.9,-1.16,0.24,-5.94,-7.98,-22.67,1.28,1.17,0.03,7.49,48.87,6.85,53.39,15.57,23.51,18.99
2021-08-20,AES,The AES Corporation,20.4141,31.8479,44.9459,65.5056,86.0065,107.3941,122.2945,120.3393,118.8105,117.5827,21.52561378479004,21.56101856560765,20.8263862455709,20.87064053340005,5292600.0,2700.0,728.0,689.0,952.0,-81.0,1213.0,1495.0,34727.0,20009.0,2222.0,351.0,1135.0,567.0,-580.0,-316.0,2.25,0.03,670.0,0.31,26.96,35.26,25.52,-4.81,88.89,-3.0,3.45,-5.94,-0.55,0.7,2700.0,689.0,952.0,-81.0,0.03,666.33,57.62,75.35,370.74,2.91,-146.53,1.0,0.0,17371.21,20009.0,1043.0,3281.0,1495.0,40209.21,0.3,-0.56,-0.17,6.9,-1.16,0.24,-5.94,-7.98,-22.67,1.28,1.17,0.03,7.49,48.87,6.85,53.39,15.57,23.51,18.99
2021-08-23,AES,The AES Corporation,19.5668,31.3278,44.409,65.0721,82.3174,105.2846,121.258,119.7194,118.4888,117.4811,21.46365737915039,21.667229806858515,21.242382560808636,21.59642193251687,5704300.0,2700.0,728.0,689.0,952.0,-81.0,1213.0,1495.0,34727.0,20009.0,2222.0,351.0,1135.0,567.0,-580.0,-316.0,2.25,0.03,670.0,0.31,26.96,35.26,25.52,-4.81,88.89,-3.0,3.45,-5.94,-0.55,0.7,2700.0,689.0,952.0,-81.0,0.03,666.33,57.62,75.35,370.74,2.91,-146.53,1.0,0.0,17371.21,20009.0,1043.0,3281.0,1495.0,40209.21,0.3,-0.56,-0.17,6.9,-1.16,0.24,-5.94,-7.98,-22.67,1.28,1.17,0.03,7.49,48.87,6.85,53.39,15.57,23.51,18.99
2021-08-24,AES,The AES Corporation,19.697,30.4901,43.2542,63.0456,81.4796,103.5,118.8171,119.2428,119.5693,119.8274,21.419401168823242,21.622973578265068,21.260083043801732,21.622973578265068,5848600.0,2700.0,728.0,689.0,952.0,-81.0,1213.0,1495.0,34727.0,20009.0,2222.0,351.0,1135.0,567.0,-580.0,-316.0,2.25,0.03,670.0,0.31,26.96,35.26,25.52,-4.81,88.89,-3.0,3.45,-5.94,-0.55,0.7,2700.0,689.0,952.0,-81.0,0.03,666.33,57.62,75.35,370.74,2.91,-146.53,1.0,0.0,17371.21,20009.0,1043.0,3281.0,1495.0,40209.21,0.3,-0.56,-0.17,6.9,-1.16,0.24,-5.94,-7.98,-22.67,1.28,1.17,0.03,7.49,48.87,6.85,53.39,15.57,23.51,18.99
2021-08-25,AES,The AES Corporation,19.2123,30.1051,41.529,62.0505,78.6217,100.1794,115.1727,115.6624,116.0678,116.4092,21.472505569458008,21.70263155091118,21.313187452437145,21.401697705025697,6158300.0,2700.0,728.0,689.0,952.0,-81.0,1213.0,1495.0,34727.0,20009.0,2222.0,351.0,1135.0,567.0,-580.0,-316.0,2.25,0.03,670.0,0.31,26.96,35.26,25.52,-4.81,88.89,-3.0,3.45,-5.94,-0.55,0.7,2700.0,689.0,952.0,-81.0,0.03,666.33,57.62,75.35,370.74,2.91,-146.53,1.0,0.0,17371.21,20009.0,1043.0,3281.0,1495.0,40209.21,0.3,-0.56,-0.17,6.9,-1.16,0.24,-5.94,-7.98,-22.67,1.28,1.17,0.03,7.49,48.87,6.85,53.39,15.57,23.51,18.99
2021-08-26,AES,The AES Corporation,18.582,28.9769,41.059,60.972,77.3564,99.4758,114.8455,116.0296,116.9413,117.6642,21.1273193359375,21.472507494975197,21.118468141065662,21.41940201393697,3919800.0,2700.0,728.0,689.0,952.0,-81.0,1213.0,1495.0,34727.0,20009.0,2222.0,351.0,1135.0,567.0,-580.0,-316.0,2.25,0.03,670.0,0.31,26.96,35.26,25.52,-4.81,88.89,-3.0,3.45,-5.94,-0.55,0.7,2700.0,689.0,952.0,-81.0,0.03,666.33,57.62,75.35,370.74,2.91,-146.53,1.0,0.0,17371.21,20009.0,1043.0,3281.0,1495.0,40209.21,0.3,-0.56,-0.17,6.9,-1.16,0.24,-5.94,-7.98,-22.67,1.28,1.17,0.03,7.49,48.87,6.85,53.39,15.57,23.51,18.99
2021-08-27,AES,The AES Corporation,17.5617,27.7261,39.7851,59.0071,74.8771,96.5721,111.6518,112.896,113.8793,114.6769,21.41054916381836,21.41054916381836,20.985700283779124,21.029956254716897,4578700.0,2700.0,728.0,689.0,952.0,-81.0,1213.0,1495.0,34727.0,20009.0,2222.0,351.0,1135.0,567.0,-580.0,-316.0,2.25,0.03,670.0,0.31,26.96,35.26,25.52,-4.81,88.89,-3.0,3.45,-5.94,-0.55,0.7,2700.0,689.0,952.0,-81.0,0.03,666.33,57.62,75.35,370.74,2.91,-146.53,1.0,0.0,17371.21,20009.0,1043.0,3281.0,1495.0,40209.21,0.3,-0.56,-0.17,6.9,-1.16,0.24,-5.94,-7.98,-22.67,1.28,1.17,0.03,7.49,48.87,6.85,53.39,15.57,23.51,18.99
2021-08-30,AES,The AES Corporation,17.1315,27.0161,38.018,56.487,70.0959,93.3503,109.4836,111.2564,112.6228,113.707,21.33089256286621,21.534464988065164,21.31319017245077,21.507911402442005,2120000.0,2700.0,728.0,689.0,952.0,-81.0,1213.0,1495.0,34727.0,20009.0,2222.0,351.0,1135.0,567.0,-580.0,-316.0,2.25,0.03,670.0,0.31,26.96,35.26,25.52,-4.81,88.89,-3.0,3.45,-5.94,-0.55,0.7,2700.0,689.0,952.0,-81.0,0.03,666.33,57.62,75.35,370.74,2.91,-146.53,1.0,0.0,17371.21,20009.0,1043.0,3281.0,1495.0,40209.21,0.3,-0.56,-0.17,6.9,-1.16,0.24,-5.94,-7.98,-22.67,1.28,1.17,0.03,7.49,48.87,6.85,53.39,15.57,23.51,18.99
2021-08-31,AES,The AES Corporation,16.769,26.3324,37.3237,55.9526,68.541,92.5029,109.1141,111.0824,112.586,113.77,21.1273193359375,21.44595391035968,21.038809075411915,21.383997234449613,6436300.0,2700.0,728.0,689.0,952.0,-81.0,1213.0,1495.0,34727.0,20009.0,2222.0,351.0,1135.0,567.0,-580.0,-316.0,2.25,0.03,670.0,0.31,26.96,35.26,25.52,-4.81,88.89,-3.0,3.45,-5.94,-0.55,0.7,2700.0,689.0,952.0,-81.0,0.03,666.33,57.62,75.35,370.74,2.91,-146.53,1.0,0.0,17371.21,20009.0,1043.0,3281.0,1495.0,40209.21,0.3,-0.56,-0.17,6.9,-1.16,0.24,-5.94,-7.98,-22.67,1.28,1.17,0.03,7.49,48.87,6.85,53.39,15.57,23.51,18.99
2021-09-01,AES,The AES Corporation,16.548,26.7878,37.0173,55.4435,70.347,92.2255,107.4123,108.9187,110.0793,111.0,21.348594665527344,21.63182615558528,21.268935597924443,21.31318988517368,3941600.0,2700.0,728.0,689.0,952.0,-81.0,1213.0,1495.0,34727.0,20009.0,2222.0,351.0,1135.0,567.0,-580.0,-316.0,2.25,0.03,670.0,0.31,26.96,35.26,25.52,-4.81,88.89,-3.0,3.45,-5.94,-0.55,0.7,2700.0,689.0,952.0,-81.0,0.03,666.33,57.62,75.35,370.74,2.91,-146.53,1.0,0.0,17371.21,20009.0,1043.0,3281.0,1495.0,40209.21,0.3,-0.56,-0.17,6.9,-1.16,0.24,-5.94,-7.98,-22.67,1.28,1.17,0.03,7.49,48.87,6.85,53.39,15.57,23.51,18.99
2021-09-02,AES,The AES Corporation,16.8049,25.9177,36.7275,54.182,69.8062,91.5166,106.5693,107.9107,108.9696,109.8269,21.711484909057617,21.72033610401797,21.33974316168688,21.357443863414765,3283600.0,2700.0,728.0,689.0,952.0,-81.0,1213.0,1495.0,34727.0,20009.0,2222.0,351.0,1135.0,567.0,-580.0,-316.0,2.25,0.03,670.0,0.31,26.96,35.26,25.52,-4.81,88.89,-3.0,3.45,-5.94,-0.55,0.7,2700.0,689.0,952.0,-81.0,0.03,666.33,57.62,75.35,370.74,2.91,-146.53,1.0,0.0,17371.21,20009.0,1043.0,3281.0,1495.0,40209.21,0.3,-0.56,-0.17,6.9,-1.16,0.24,-5.94,-7.98,-22.67,1.28,1.17,0.03,7.49,48.87,6.85,53.39,15.57,23.51,18.99
2021-09-03,AES,The AES Corporation,16.841,25.6307,36.6092,54.3212,70.5723,92.7575,108.0686,109.4386,110.5032,111.3537,21.808841705322266,21.888500760917402,21.59641811979943,21.667225981640374,7178600.0,2700.0,728.0,689.0,952.0,-81.0,1213.0,1495.0,34727.0,20009.0,2222.0,351.0,1135.0,567.0,-580.0,-316.0,2.25,0.03,670.0,0.31,26.96,35.26,25.52,-4.81,88.89,-3.0,3.45,-5.94,-0.55,0.7,2700.0,689.0,952.0,-81.0,0.03,666.33,57.62,75.35,370.74,2.91,-146.53,1.0,0.0,17371.21,20009.0,1043.0,3281.0,1495.0,40209.21,0.3,-0.56,-0.17,6.9,-1.16,0.24,-5.94,-7.98,-22.67,1.28,1.17,0.03,7.49,48.87,6.85,53.39,15.57,23.51,18.99
2021-09-07,AES,The AES Corporation,17.0024,26.4504,37.2139,53.6891,70.712,93.7467,109.5409,110.9804,112.0794,112.9427,21.640676498413086,21.764589848385224,21.490209564221445,21.658377199699977,7112100.0,2700.0,728.0,689.0,952.0,-81.0,1213.0,1495.0,34727.0,20009.0,2222.0,351.0,1135.0,567.0,-580.0,-316.0,2.25,0.03,670.0,0.31,26.96,35.26,25.52,-4.81,88.89,-3.0,3.45,-5.94,-0.55,0.7,2700.0,689.0,952.0,-81.0,0.03,666.33,57.62,75.35,370.74,2.91,-146.53,1.0,0.0,17371.21,20009.0,1043.0,3281.0,1495.0,40209.21,0.3,-0.56,-0.17,6.9,-1.16,0.24,-5.94,-7.98,-22.67,1.28,1.17,0.03,7.49,48.87,6.85,53.39,15.57,23.51,18.99
2021-09-08,AES,The AES Corporation,16.8185,26.14,36.8886,53.9993,70.6457,90.5113,104.281,105.2042,105.9997,106.6884,21.375146865844727,21.738037428653815,21.348594968395638,21.63182646247172,4804900.0,2700.0,728.0,689.0,952.0,-81.0,1213.0,1495.0,34727.0,20009.0,2222.0,351.0,1135.0,567.0,-580.0,-316.0,2.25,0.03,670.0,0.31,26.96,35.26,25.52,-4.81,88.89,-3.0,3.45,-5.94,-0.55,0.7,2700.0,689.0,952.0,-81.0,0.03,666.33,57.62,75.35,370.74,2.91,-146.53,1.0,0.0,17371.21,20009.0,1043.0,3281.0,1495.0,40209.21,0.3,-0.56,-0.17,6.9,-1.16,0.24,-5.94,-7.98,-22.67,1.28,1.17,0.03,7.49,48.87,6.85,53.39,15.57,23.51,18.99
2021-09-09,AES,The AES Corporation,17.3128,26.4893,37.5036,53.4805,70.8331,91.3452,105.4807,106.4613,107.2855,107.9858,21.29548454284668,21.49905862527349,21.23352787400954,21.410548374852176,4377700.0,2700.0,728.0,689.0,952.0,-81.0,1213.0,1495.0,34727.0,20009.0,2222.0,351.0,1135.0,567.0,-580.0,-316.0,2.25,0.03,670.0,0.31,26.96,35.26,25.52,-4.81,88.89,-3.0,3.45,-5.94,-0.55,0.7,2700.0,689.0,952.0,-81.0,0.03,666.33,57.62,75.35,370.74,2.91,-146.53,1.0,0.0,17371.21,20009.0,1043.0,3281.0,1495.0,40209.21,0.3,-0.56,-0.17,6.9,-1.16,0.24,-5.94,-7.98,-22.67,1.28,1.17,0.03,7.49,48.87,6.85,53.39,15.57,23.51,18.99
2021-09-10,AES,The AES Corporation,16.7789,25.8075,36.6439,54.165,70.5445,90.273,103.9657,104.9693,105.8284,106.568,21.038806915283203,21.41054862076838,21.02995572132015,21.39284623284227,3686800.0,2700.0,728.0,689.0,952.0,-81.0,1213.0,1495.0,34727.0,20009.0,2222.0,351.0,1135.0,567.0,-580.0,-316.0,2.25,0.03,670.0,0.31,26.96,35.26,25.52,-4.81,88.89,-3.0,3.45,-5.94,-0.55,0.7,2700.0,689.0,952.0,-81.0,0.03,666.33,57.62,75.35,370.74,2.91,-146.53,1.0,0.0,17371.21,20009.0,1043.0,3281.0,1495.0,40209.21,0.3,-0.56,-0.17,6.9,-1.16,0.24,-5.94,-7.98,-22.67,1.28,1.17,0.03,7.49,48.87,6.85,53.39,15.57,23.51,18.99
