Date,Ticker,Company,PX1,PX2,PX3,PX4,PX5,PX6,PX7,PX8,PX9,PX10,Close,High,Low,Open,Volume,Revenue from Business Activities - Total,Gross Profit - Industrials/Property - Total,Operating Profit before Non-Recurring Income/Expense,"Earnings before Interest, Taxes, Depreciation & Amortization (EBITDA)",Income before Discontinued Operations & Extraordinary Items,Cash & Cash Equivalents,Cash & Short-Term Investments,Total Assets,Debt - Total,Common Equity - Total,Net Cash Flow from Operating Activities,"Depreciation, Depletion & Amortization including Impairment - Cash Flow - to Reconcile",Capital Expenditures - Net - Cash Flow,Net Change in Cash - Total,Free Cash Flow Net of Dividends,"Dividend Yield - Common Stock - Net - Issue Specific - %, TTM",EPS - Diluted - excluding Extraordinary Items Applicable to Common - Total,Shares used to calculate Diluted EPS - Total,Non-GAAP Adjusted Net Earnings - Company Reported,Non-GAAP EPS Diluted - Company Reported,Gross Profit Margin - %,EBITDA Margin - %,Operating Margin - %,Income before Tax Margin - %,Income Tax Rate - %,Net Margin - %,"Free Cash Flow Yield - %, TTM","Return on Average Common Equity - % (Income available to Common excluding Extraordinary Items), TTM","Return on Average Total Assets - % (Income before Discontinued Operations & Extraordinary Items), TTM","Return on Invested Capital - %, TTM",Revenue from Business Activities - Total,Operating Profit before Non-Recurring Income/Expense,"Earnings before Interest, Taxes, Depreciation & Amortization (EBITDA)",Income before Discontinued Operations & Extraordinary Items,EPS - Diluted - excluding Extraordinary Items Applicable to Common - Total,Common Shares - Outstanding - Total,Total Debt Percentage of Total Assets,Total Debt Percentage of Total Capital,Total Debt Percentage of Total Equity,Interest Coverage Ratio,Earnings Retention Rate,Dividend Payout Ratio - %,Market Capitalization,Debt - Total,Preferred Shareholders Equity,Cash & Short Term Investments - Total,Enterprise Value,"Asset Turnover, TTM","Income before Tax Margin - %, TTM","Pretax ROA - %, TTM","Total Assets to Total Shareholders Equity - including Minority Interest & Hybrid Debt, Average TTM","Pretax ROE - %, TTM","Tax Complement, TTM","Return on Average Common Equity - % (Income available to Common excluding Extraordinary Items), TTM","Earnings Retention Rate, TTM","Reinvestment Rate - %, TTM",Current Ratio,Quick Ratio,Working Capital to Total Assets,"Accounts Receivable Turnover, TTM","Average Receivables Collection Days, TTM","Payables Turnover, TTM","Average Payables Payment Days, TTM","Inventory Turnover, TTM","Average Inventory Days, TTM","Average Net Trade Cycle Days, TTM"
2021-03-31,BSX,Boston Scientific Corp,7.7799,13.6934,20.6954,29.6877,40.4554,48.299,53.9066,59.9735,64.6432,68.3445,38.650001525878906,39.099998474121094,38.529998779296875,39.0,5811100.0,2752.0,1661.0,373.0,641.0,341.0,2016.0,2016.0,30900.0,9095.0,15719.0,285.0,268.0,84.0,258.0,183.0,0.0,0.23,1430.8,524.0,0.37,60.36,23.29,13.55,11.81,-4.92,12.39,2.47,1.36,0.81,21.77,2752.0,373.0,641.0,341.0,0.23,1420.57,29.43,36.65,57.86,4.55,1.0,0.0,54902.97,9095.0,0.0,2016.0,61981.97,0.33,2.21,0.73,2.07,1.52,1.12,1.36,1.0,1.36,1.8,1.38,0.09,6.31,57.98,7.06,51.84,2.84,128.95,135.1
2021-04-01,BSX,Boston Scientific Corp,7.8663,13.1556,19.8818,27.9631,38.5907,46.2963,51.805,57.7782,62.4047,66.0882,38.58000183105469,38.779998779296875,38.0,38.61000061035156,5615300.0,2752.0,1661.0,373.0,641.0,341.0,2016.0,2016.0,30900.0,9095.0,15719.0,285.0,268.0,84.0,258.0,183.0,0.0,0.23,1430.8,524.0,0.37,60.36,23.29,13.55,11.81,-4.92,12.39,2.47,1.36,0.81,21.77,2752.0,373.0,641.0,341.0,0.23,1420.57,29.43,36.65,57.86,4.55,1.0,0.0,54902.97,9095.0,0.0,2016.0,61981.97,0.33,2.21,0.73,2.07,1.52,1.12,1.36,1.0,1.36,1.8,1.38,0.09,6.31,57.98,7.06,51.84,2.84,128.95,135.1
2021-04-05,BSX,Boston Scientific Corp,6.9357,12.5002,19.4916,27.641,37.7081,45.4931,51.0588,57.0726,61.7295,65.4388,39.040000915527344,39.130001068115234,38.72999954223633,38.869998931884766,4954600.0,2752.0,1661.0,373.0,641.0,341.0,2016.0,2016.0,30900.0,9095.0,15719.0,285.0,268.0,84.0,258.0,183.0,0.0,0.23,1430.8,524.0,0.37,60.36,23.29,13.55,11.81,-4.92,12.39,2.47,1.36,0.81,21.77,2752.0,373.0,641.0,341.0,0.23,1420.57,29.43,36.65,57.86,4.55,1.0,0.0,54902.97,9095.0,0.0,2016.0,61981.97,0.33,2.21,0.73,2.07,1.52,1.12,1.36,1.0,1.36,1.8,1.38,0.09,6.31,57.98,7.06,51.84,2.84,128.95,135.1
2021-04-06,BSX,Boston Scientific Corp,7.3708,12.7893,19.5132,27.7413,37.9014,45.7456,51.3508,57.3978,62.0792,65.8084,38.95000076293945,39.25,38.849998474121094,39.20000076293945,7676500.0,2752.0,1661.0,373.0,641.0,341.0,2016.0,2016.0,30900.0,9095.0,15719.0,285.0,268.0,84.0,258.0,183.0,0.0,0.23,1430.8,524.0,0.37,60.36,23.29,13.55,11.81,-4.92,12.39,2.47,1.36,0.81,21.77,2752.0,373.0,641.0,341.0,0.23,1420.57,29.43,36.65,57.86,4.55,1.0,0.0,54902.97,9095.0,0.0,2016.0,61981.97,0.33,2.21,0.73,2.07,1.52,1.12,1.36,1.0,1.36,1.8,1.38,0.09,6.31,57.98,7.06,51.84,2.84,128.95,135.1
2021-04-07,BSX,Boston Scientific Corp,7.3928,12.566,19.7963,27.6855,38.2484,45.5926,50.8407,56.6028,61.0932,64.6903,38.849998474121094,39.220001220703125,38.7400016784668,38.959999084472656,4861400.0,2752.0,1661.0,373.0,641.0,341.0,2016.0,2016.0,30900.0,9095.0,15719.0,285.0,268.0,84.0,258.0,183.0,0.0,0.23,1430.8,524.0,0.37,60.36,23.29,13.55,11.81,-4.92,12.39,2.47,1.36,0.81,21.77,2752.0,373.0,641.0,341.0,0.23,1420.57,29.43,36.65,57.86,4.55,1.0,0.0,54902.97,9095.0,0.0,2016.0,61981.97,0.33,2.21,0.73,2.07,1.52,1.12,1.36,1.0,1.36,1.8,1.38,0.09,6.31,57.98,7.06,51.84,2.84,128.95,135.1
2021-04-08,BSX,Boston Scientific Corp,8.3624,12.6172,19.7514,27.3776,38.0469,44.657,49.381,54.7089,58.9111,62.3125,38.720001220703125,39.119998931884766,38.650001525878906,38.93000030517578,3992100.0,2752.0,1661.0,373.0,641.0,341.0,2016.0,2016.0,30900.0,9095.0,15719.0,285.0,268.0,84.0,258.0,183.0,0.0,0.23,1430.8,524.0,0.37,60.36,23.29,13.55,11.81,-4.92,12.39,2.47,1.36,0.81,21.77,2752.0,373.0,641.0,341.0,0.23,1420.57,29.43,36.65,57.86,4.55,1.0,0.0,54902.97,9095.0,0.0,2016.0,61981.97,0.33,2.21,0.73,2.07,1.52,1.12,1.36,1.0,1.36,1.8,1.38,0.09,6.31,57.98,7.06,51.84,2.84,128.95,135.1
2021-04-09,BSX,Boston Scientific Corp,8.3516,12.9187,19.747,27.5275,37.9808,45.1098,50.2035,55.845,60.2614,63.8108,39.31999969482422,39.33000183105469,38.54999923706055,38.77000045776367,5426100.0,2752.0,1661.0,373.0,641.0,341.0,2016.0,2016.0,30900.0,9095.0,15719.0,285.0,268.0,84.0,258.0,183.0,0.0,0.23,1430.8,524.0,0.37,60.36,23.29,13.55,11.81,-4.92,12.39,2.47,1.36,0.81,21.77,2752.0,373.0,641.0,341.0,0.23,1420.57,29.43,36.65,57.86,4.55,1.0,0.0,54902.97,9095.0,0.0,2016.0,61981.97,0.33,2.21,0.73,2.07,1.52,1.12,1.36,1.0,1.36,1.8,1.38,0.09,6.31,57.98,7.06,51.84,2.84,128.95,135.1
2021-04-12,BSX,Boston Scientific Corp,7.4585,13.0197,20.0552,27.738,38.3321,45.7036,50.9671,56.7527,61.2594,64.8662,39.34000015258789,39.470001220703125,38.880001068115234,39.2599983215332,4140700.0,2752.0,1661.0,373.0,641.0,341.0,2016.0,2016.0,30900.0,9095.0,15719.0,285.0,268.0,84.0,258.0,183.0,0.0,0.23,1430.8,524.0,0.37,60.36,23.29,13.55,11.81,-4.92,12.39,2.47,1.36,0.81,21.77,2752.0,373.0,641.0,341.0,0.23,1420.57,29.43,36.65,57.86,4.55,1.0,0.0,54902.97,9095.0,0.0,2016.0,61981.97,0.33,2.21,0.73,2.07,1.52,1.12,1.36,1.0,1.36,1.8,1.38,0.09,6.31,57.98,7.06,51.84,2.84,128.95,135.1
2021-04-13,BSX,Boston Scientific Corp,6.7648,12.9748,20.1332,27.9828,38.5548,46.6478,52.4261,58.6366,63.4221,67.2194,39.40999984741211,39.47999954223633,39.099998474121094,39.220001220703125,6582100.0,2752.0,1661.0,373.0,641.0,341.0,2016.0,2016.0,30900.0,9095.0,15719.0,285.0,268.0,84.0,258.0,183.0,0.0,0.23,1430.8,524.0,0.37,60.36,23.29,13.55,11.81,-4.92,12.39,2.47,1.36,0.81,21.77,2752.0,373.0,641.0,341.0,0.23,1420.57,29.43,36.65,57.86,4.55,1.0,0.0,54902.97,9095.0,0.0,2016.0,61981.97,0.33,2.21,0.73,2.07,1.52,1.12,1.36,1.0,1.36,1.8,1.38,0.09,6.31,57.98,7.06,51.84,2.84,128.95,135.1
2021-04-14,BSX,Boston Scientific Corp,7.7444,12.7012,19.58,27.6645,38.4529,45.5566,50.6294,56.2661,60.6767,64.2234,39.66999816894531,39.97999954223633,39.33000183105469,39.34000015258789,4093900.0,2752.0,1661.0,373.0,641.0,341.0,2016.0,2016.0,30900.0,9095.0,15719.0,285.0,268.0,84.0,258.0,183.0,0.0,0.23,1430.8,524.0,0.37,60.36,23.29,13.55,11.81,-4.92,12.39,2.47,1.36,0.81,21.77,2752.0,373.0,641.0,341.0,0.23,1420.57,29.43,36.65,57.86,4.55,1.0,0.0,54902.97,9095.0,0.0,2016.0,61981.97,0.33,2.21,0.73,2.07,1.52,1.12,1.36,1.0,1.36,1.8,1.38,0.09,6.31,57.98,7.06,51.84,2.84,128.95,135.1
2021-04-15,BSX,Boston Scientific Corp,7.7146,12.4323,19.6137,27.5741,38.0469,45.0339,50.0237,55.5908,59.9561,63.4739,40.86000061035156,41.060001373291016,39.84000015258789,39.880001068115234,8608100.0,2752.0,1661.0,373.0,641.0,341.0,2016.0,2016.0,30900.0,9095.0,15719.0,285.0,268.0,84.0,258.0,183.0,0.0,0.23,1430.8,524.0,0.37,60.36,23.29,13.55,11.81,-4.92,12.39,2.47,1.36,0.81,21.77,2752.0,373.0,641.0,341.0,0.23,1420.57,29.43,36.65,57.86,4.55,1.0,0.0,54902.97,9095.0,0.0,2016.0,61981.97,0.33,2.21,0.73,2.07,1.52,1.12,1.36,1.0,1.36,1.8,1.38,0.09,6.31,57.98,7.06,51.84,2.84,128.95,135.1
2021-04-16,BSX,Boston Scientific Corp,8.2025,13.0835,19.6806,27.6933,37.6167,44.9481,50.185,55.9634,60.4811,64.1075,40.90999984741211,41.18000030517578,40.59000015258789,41.13999938964844,7527600.0,2752.0,1661.0,373.0,641.0,341.0,2016.0,2016.0,30900.0,9095.0,15719.0,285.0,268.0,84.0,258.0,183.0,0.0,0.23,1430.8,524.0,0.37,60.36,23.29,13.55,11.81,-4.92,12.39,2.47,1.36,0.81,21.77,2752.0,373.0,641.0,341.0,0.23,1420.57,29.43,36.65,57.86,4.55,1.0,0.0,54902.97,9095.0,0.0,2016.0,61981.97,0.33,2.21,0.73,2.07,1.52,1.12,1.36,1.0,1.36,1.8,1.38,0.09,6.31,57.98,7.06,51.84,2.84,128.95,135.1
2021-04-19,BSX,Boston Scientific Corp,7.3264,13.2307,20.0281,27.8766,37.9279,45.7257,51.292,57.3469,62.045,65.7914,40.880001068115234,40.970001220703125,40.52000045776367,40.790000915527344,6539400.0,2752.0,1661.0,373.0,641.0,341.0,2016.0,2016.0,30900.0,9095.0,15719.0,285.0,268.0,84.0,258.0,183.0,0.0,0.23,1430.8,524.0,0.37,60.36,23.29,13.55,11.81,-4.92,12.39,2.47,1.36,0.81,21.77,2752.0,373.0,641.0,341.0,0.23,1420.57,29.43,36.65,57.86,4.55,1.0,0.0,54902.97,9095.0,0.0,2016.0,61981.97,0.33,2.21,0.73,2.07,1.52,1.12,1.36,1.0,1.36,1.8,1.38,0.09,6.31,57.98,7.06,51.84,2.84,128.95,135.1
2021-04-20,BSX,Boston Scientific Corp,7.5655,12.5816,20.0157,27.6642,38.5252,45.8403,51.0601,56.8278,61.3276,64.9335,41.130001068115234,41.72999954223633,40.709999084472656,40.81999969482422,10522600.0,2752.0,1661.0,373.0,641.0,341.0,2016.0,2016.0,30900.0,9095.0,15719.0,285.0,268.0,84.0,258.0,183.0,0.0,0.23,1430.8,524.0,0.37,60.36,23.29,13.55,11.81,-4.92,12.39,2.47,1.36,0.81,21.77,2752.0,373.0,641.0,341.0,0.23,1420.57,29.43,36.65,57.86,4.55,1.0,0.0,54902.97,9095.0,0.0,2016.0,61981.97,0.33,2.21,0.73,2.07,1.52,1.12,1.36,1.0,1.36,1.8,1.38,0.09,6.31,57.98,7.06,51.84,2.84,128.95,135.1
2021-04-21,BSX,Boston Scientific Corp,10.0074,13.0196,19.3679,27.3911,38.9913,45.2568,49.7303,54.8847,58.975,62.299,42.310001373291016,42.540000915527344,41.0,41.2400016784668,14811400.0,2752.0,1661.0,373.0,641.0,341.0,2016.0,2016.0,30900.0,9095.0,15719.0,285.0,268.0,84.0,258.0,183.0,0.0,0.23,1430.8,524.0,0.37,60.36,23.29,13.55,11.81,-4.92,12.39,2.47,1.36,0.81,21.77,2752.0,373.0,641.0,341.0,0.23,1420.57,29.43,36.65,57.86,4.55,1.0,0.0,54902.97,9095.0,0.0,2016.0,61981.97,0.33,2.21,0.73,2.07,1.52,1.12,1.36,1.0,1.36,1.8,1.38,0.09,6.31,57.98,7.06,51.84,2.84,128.95,135.1
2021-04-22,BSX,Boston Scientific Corp,8.9626,12.7973,19.3296,27.7833,38.9805,45.7954,50.6601,56.1426,60.4518,63.928,42.56999969482422,42.79999923706055,42.029998779296875,42.310001373291016,12019300.0,2752.0,1661.0,373.0,641.0,341.0,2016.0,2016.0,30900.0,9095.0,15719.0,285.0,268.0,84.0,258.0,183.0,0.0,0.23,1430.8,524.0,0.37,60.36,23.29,13.55,11.81,-4.92,12.39,2.47,1.36,0.81,21.77,2752.0,373.0,641.0,341.0,0.23,1420.57,29.43,36.65,57.86,4.55,1.0,0.0,54902.97,9095.0,0.0,2016.0,61981.97,0.33,2.21,0.73,2.07,1.52,1.12,1.36,1.0,1.36,1.8,1.38,0.09,6.31,57.98,7.06,51.84,2.84,128.95,135.1
2021-04-23,BSX,Boston Scientific Corp,8.6831,13.1938,19.623,27.6319,38.4432,45.0427,49.7547,55.1112,59.342,62.7679,42.72999954223633,42.939998626708984,42.58000183105469,42.599998474121094,9905800.0,2752.0,1661.0,373.0,641.0,341.0,2016.0,2016.0,30900.0,9095.0,15719.0,285.0,268.0,84.0,258.0,183.0,0.0,0.23,1430.8,524.0,0.37,60.36,23.29,13.55,11.81,-4.92,12.39,2.47,1.36,0.81,21.77,2752.0,373.0,641.0,341.0,0.23,1420.57,29.43,36.65,57.86,4.55,1.0,0.0,54902.97,9095.0,0.0,2016.0,61981.97,0.33,2.21,0.73,2.07,1.52,1.12,1.36,1.0,1.36,1.8,1.38,0.09,6.31,57.98,7.06,51.84,2.84,128.95,135.1
2021-04-26,BSX,Boston Scientific Corp,8.4155,12.8229,19.3587,27.7356,38.6432,45.3771,50.1813,55.6127,59.8926,63.3518,42.27000045776367,42.90999984741211,42.22999954223633,42.810001373291016,11175800.0,2752.0,1661.0,373.0,641.0,341.0,2016.0,2016.0,30900.0,9095.0,15719.0,285.0,268.0,84.0,258.0,183.0,0.0,0.23,1430.8,524.0,0.37,60.36,23.29,13.55,11.81,-4.92,12.39,2.47,1.36,0.81,21.77,2752.0,373.0,641.0,341.0,0.23,1420.57,29.43,36.65,57.86,4.55,1.0,0.0,54902.97,9095.0,0.0,2016.0,61981.97,0.33,2.21,0.73,2.07,1.52,1.12,1.36,1.0,1.36,1.8,1.38,0.09,6.31,57.98,7.06,51.84,2.84,128.95,135.1
2021-04-27,BSX,Boston Scientific Corp,7.6763,13.2658,19.9472,27.8991,38.9598,46.0904,51.177,56.8502,61.2885,64.8554,42.40999984741211,42.7599983215332,41.59000015258789,41.9900016784668,8400800.0,2752.0,1661.0,373.0,641.0,341.0,2016.0,2016.0,30900.0,9095.0,15719.0,285.0,268.0,84.0,258.0,183.0,0.0,0.23,1430.8,524.0,0.37,60.36,23.29,13.55,11.81,-4.92,12.39,2.47,1.36,0.81,21.77,2752.0,373.0,641.0,341.0,0.23,1420.57,29.43,36.65,57.86,4.55,1.0,0.0,54902.97,9095.0,0.0,2016.0,61981.97,0.33,2.21,0.73,2.07,1.52,1.12,1.36,1.0,1.36,1.8,1.38,0.09,6.31,57.98,7.06,51.84,2.84,128.95,135.1
2021-04-28,BSX,Boston Scientific Corp,9.3528,12.9443,19.4876,27.3283,37.9797,44.1492,48.5502,53.6394,57.6961,61.0069,44.2400016784668,44.630001068115234,43.75,43.86000061035156,16088200.0,2752.0,1661.0,373.0,641.0,341.0,2016.0,2016.0,30900.0,9095.0,15719.0,285.0,268.0,84.0,258.0,183.0,0.0,0.23,1430.8,524.0,0.37,60.36,23.29,13.55,11.81,-4.92,12.39,2.47,1.36,0.81,21.77,2752.0,373.0,641.0,341.0,0.23,1420.57,29.43,36.65,57.86,4.55,1.0,0.0,54902.97,9095.0,0.0,2016.0,61981.97,0.33,2.21,0.73,2.07,1.52,1.12,1.36,1.0,1.36,1.8,1.38,0.09,6.31,57.98,7.06,51.84,2.84,128.95,135.1
2021-04-29,BSX,Boston Scientific Corp,6.3151,12.1042,19.0918,27.7836,37.6283,46.3802,52.6113,59.2297,64.3208,68.3467,44.099998474121094,44.29999923706055,43.630001068115234,44.279998779296875,8810700.0,2752.0,1661.0,373.0,641.0,341.0,2016.0,2016.0,30900.0,9095.0,15719.0,285.0,268.0,84.0,258.0,183.0,0.0,0.23,1430.8,524.0,0.37,60.36,23.29,13.55,11.81,-4.92,12.39,2.47,1.36,0.81,21.77,2752.0,373.0,641.0,341.0,0.23,1420.57,29.43,36.65,57.86,4.55,1.0,0.0,54902.97,9095.0,0.0,2016.0,61981.97,0.33,2.21,0.73,2.07,1.52,1.12,1.36,1.0,1.36,1.8,1.38,0.09,6.31,57.98,7.06,51.84,2.84,128.95,135.1
2021-04-30,BSX,Boston Scientific Corp,6.4177,12.1331,19.074,27.987,37.704,46.3248,52.4613,59.0011,64.0379,68.0243,43.599998474121094,43.959999084472656,43.36000061035156,43.84000015258789,12645600.0,2752.0,1661.0,373.0,641.0,341.0,2016.0,2016.0,30900.0,9095.0,15719.0,285.0,268.0,84.0,258.0,183.0,0.0,0.23,1430.8,524.0,0.37,60.36,23.29,13.55,11.81,-4.92,12.39,2.47,1.36,0.81,21.77,2752.0,373.0,641.0,341.0,0.23,1420.57,29.43,36.65,57.86,4.55,1.0,0.0,54902.97,9095.0,0.0,2016.0,61981.97,0.33,2.21,0.73,2.07,1.52,1.12,1.36,1.0,1.36,1.8,1.38,0.09,6.31,57.98,7.06,51.84,2.84,128.95,135.1
2021-05-03,BSX,Boston Scientific Corp,6.456,12.4272,19.3779,27.5312,37.597,45.9997,51.9795,58.3938,63.3489,67.281,43.630001068115234,43.790000915527344,43.439998626708984,43.599998474121094,7610600.0,2752.0,1661.0,373.0,641.0,341.0,2016.0,2016.0,30900.0,9095.0,15719.0,285.0,268.0,84.0,258.0,183.0,0.0,0.23,1430.8,524.0,0.37,60.36,23.29,13.55,11.81,-4.92,12.39,2.47,1.36,0.81,21.77,2752.0,373.0,641.0,341.0,0.23,1420.57,29.43,36.65,57.86,4.55,1.0,0.0,54902.97,9095.0,0.0,2016.0,61981.97,0.33,2.21,0.73,2.07,1.52,1.12,1.36,1.0,1.36,1.8,1.38,0.09,6.31,57.98,7.06,51.84,2.84,128.95,135.1
2021-05-04,BSX,Boston Scientific Corp,6.5804,12.4727,19.4266,27.6477,38.0226,46.3748,52.3181,58.7081,63.6428,67.5593,43.33000183105469,43.5,43.09000015258789,43.5,9076400.0,2752.0,1661.0,373.0,641.0,341.0,2016.0,2016.0,30900.0,9095.0,15719.0,285.0,268.0,84.0,258.0,183.0,0.0,0.23,1430.8,524.0,0.37,60.36,23.29,13.55,11.81,-4.92,12.39,2.47,1.36,0.81,21.77,2752.0,373.0,641.0,341.0,0.23,1420.57,29.43,36.65,57.86,4.55,1.0,0.0,54902.97,9095.0,0.0,2016.0,61981.97,0.33,2.21,0.73,2.07,1.52,1.12,1.36,1.0,1.36,1.8,1.38,0.09,6.31,57.98,7.06,51.84,2.84,128.95,135.1
2021-05-05,BSX,Boston Scientific Corp,6.8874,12.6863,19.6768,28.4473,38.5792,47.0771,53.1228,59.6017,64.5904,68.5402,43.09000015258789,43.66999816894531,43.04999923706055,43.470001220703125,6829900.0,2752.0,1661.0,373.0,641.0,341.0,2016.0,2016.0,30900.0,9095.0,15719.0,285.0,268.0,84.0,258.0,183.0,0.0,0.23,1430.8,524.0,0.37,60.36,23.29,13.55,11.81,-4.92,12.39,2.47,1.36,0.81,21.77,2752.0,373.0,641.0,341.0,0.23,1420.57,29.43,36.65,57.86,4.55,1.0,0.0,54902.97,9095.0,0.0,2016.0,61981.97,0.33,2.21,0.73,2.07,1.52,1.12,1.36,1.0,1.36,1.8,1.38,0.09,6.31,57.98,7.06,51.84,2.84,128.95,135.1
2021-05-06,BSX,Boston Scientific Corp,6.5945,12.6654,20.0196,28.8189,38.9771,47.4798,53.5295,60.0192,65.0106,68.9587,43.040000915527344,43.11000061035156,42.619998931884766,43.029998779296875,8257500.0,2752.0,1661.0,373.0,641.0,341.0,2016.0,2016.0,30900.0,9095.0,15719.0,285.0,268.0,84.0,258.0,183.0,0.0,0.23,1430.8,524.0,0.37,60.36,23.29,13.55,11.81,-4.92,12.39,2.47,1.36,0.81,21.77,2752.0,373.0,641.0,341.0,0.23,1420.57,29.43,36.65,57.86,4.55,1.0,0.0,54902.97,9095.0,0.0,2016.0,61981.97,0.33,2.21,0.73,2.07,1.52,1.12,1.36,1.0,1.36,1.8,1.38,0.09,6.31,57.98,7.06,51.84,2.84,128.95,135.1
2021-05-07,BSX,Boston Scientific Corp,6.5132,12.78,19.9411,28.5971,38.9964,47.009,52.7115,58.9206,63.7288,67.5554,43.130001068115234,43.83000183105469,42.9900016784668,43.099998474121094,6089300.0,2752.0,1661.0,373.0,641.0,341.0,2016.0,2016.0,30900.0,9095.0,15719.0,285.0,268.0,84.0,258.0,183.0,0.0,0.23,1430.8,524.0,0.37,60.36,23.29,13.55,11.81,-4.92,12.39,2.47,1.36,0.81,21.77,2752.0,373.0,641.0,341.0,0.23,1420.57,29.43,36.65,57.86,4.55,1.0,0.0,54902.97,9095.0,0.0,2016.0,61981.97,0.33,2.21,0.73,2.07,1.52,1.12,1.36,1.0,1.36,1.8,1.38,0.09,6.31,57.98,7.06,51.84,2.84,128.95,135.1
2021-05-10,BSX,Boston Scientific Corp,6.6416,12.7299,19.8421,28.3026,38.7874,46.8461,52.5755,58.8043,63.6243,67.4588,43.25,43.61000061035156,43.08000183105469,43.15999984741211,6078400.0,2752.0,1661.0,373.0,641.0,341.0,2016.0,2016.0,30900.0,9095.0,15719.0,285.0,268.0,84.0,258.0,183.0,0.0,0.23,1430.8,524.0,0.37,60.36,23.29,13.55,11.81,-4.92,12.39,2.47,1.36,0.81,21.77,2752.0,373.0,641.0,341.0,0.23,1420.57,29.43,36.65,57.86,4.55,1.0,0.0,54902.97,9095.0,0.0,2016.0,61981.97,0.33,2.21,0.73,2.07,1.52,1.12,1.36,1.0,1.36,1.8,1.38,0.09,6.31,57.98,7.06,51.84,2.84,128.95,135.1
2021-05-11,BSX,Boston Scientific Corp,6.6743,12.9789,20.4729,29.0304,39.9789,48.1834,54.0146,60.3353,65.2042,69.0615,42.529998779296875,43.380001068115234,42.369998931884766,43.150001525878906,10858500.0,2752.0,1661.0,373.0,641.0,341.0,2016.0,2016.0,30900.0,9095.0,15719.0,285.0,268.0,84.0,258.0,183.0,0.0,0.23,1430.8,524.0,0.37,60.36,23.29,13.55,11.81,-4.92,12.39,2.47,1.36,0.81,21.77,2752.0,373.0,641.0,341.0,0.23,1420.57,29.43,36.65,57.86,4.55,1.0,0.0,54902.97,9095.0,0.0,2016.0,61981.97,0.33,2.21,0.73,2.07,1.52,1.12,1.36,1.0,1.36,1.8,1.38,0.09,6.31,57.98,7.06,51.84,2.84,128.95,135.1
2021-05-12,BSX,Boston Scientific Corp,6.6288,13.1767,20.9204,29.623,40.6796,49.0622,55.0176,61.4409,66.369,70.2598,41.349998474121094,42.34000015258789,41.22999954223633,42.34000015258789,9882700.0,2752.0,1661.0,373.0,641.0,341.0,2016.0,2016.0,30900.0,9095.0,15719.0,285.0,268.0,84.0,258.0,183.0,0.0,0.23,1430.8,524.0,0.37,60.36,23.29,13.55,11.81,-4.92,12.39,2.47,1.36,0.81,21.77,2752.0,373.0,641.0,341.0,0.23,1420.57,29.43,36.65,57.86,4.55,1.0,0.0,54902.97,9095.0,0.0,2016.0,61981.97,0.33,2.21,0.73,2.07,1.52,1.12,1.36,1.0,1.36,1.8,1.38,0.09,6.31,57.98,7.06,51.84,2.84,128.95,135.1
2021-05-13,BSX,Boston Scientific Corp,6.4991,13.3369,21.0745,29.624,40.5661,49.0242,55.032,61.4932,66.446,70.3527,41.61000061035156,41.880001068115234,41.33000183105469,41.5099983215332,5005900.0,2752.0,1661.0,373.0,641.0,341.0,2016.0,2016.0,30900.0,9095.0,15719.0,285.0,268.0,84.0,258.0,183.0,0.0,0.23,1430.8,524.0,0.37,60.36,23.29,13.55,11.81,-4.92,12.39,2.47,1.36,0.81,21.77,2752.0,373.0,641.0,341.0,0.23,1420.57,29.43,36.65,57.86,4.55,1.0,0.0,54902.97,9095.0,0.0,2016.0,61981.97,0.33,2.21,0.73,2.07,1.52,1.12,1.36,1.0,1.36,1.8,1.38,0.09,6.31,57.98,7.06,51.84,2.84,128.95,135.1
2021-05-14,BSX,Boston Scientific Corp,6.475,13.1465,20.8297,29.4367,40.1514,48.6262,54.6456,61.1193,66.0861,70.0077,41.54999923706055,42.040000915527344,41.540000915527344,41.84000015258789,4447600.0,2752.0,1661.0,373.0,641.0,341.0,2016.0,2016.0,30900.0,9095.0,15719.0,285.0,268.0,84.0,258.0,183.0,0.0,0.23,1430.8,524.0,0.37,60.36,23.29,13.55,11.81,-4.92,12.39,2.47,1.36,0.81,21.77,2752.0,373.0,641.0,341.0,0.23,1420.57,29.43,36.65,57.86,4.55,1.0,0.0,54902.97,9095.0,0.0,2016.0,61981.97,0.33,2.21,0.73,2.07,1.52,1.12,1.36,1.0,1.36,1.8,1.38,0.09,6.31,57.98,7.06,51.84,2.84,128.95,135.1
2021-05-17,BSX,Boston Scientific Corp,6.4104,13.0731,20.9807,29.1904,40.14,48.8636,55.0592,61.2385,65.9493,69.6487,41.720001220703125,41.81999969482422,41.22999954223633,41.5,5552100.0,2752.0,1661.0,373.0,641.0,341.0,2016.0,2016.0,30900.0,9095.0,15719.0,285.0,268.0,84.0,258.0,183.0,0.0,0.23,1430.8,524.0,0.37,60.36,23.29,13.55,11.81,-4.92,12.39,2.47,1.36,0.81,21.77,2752.0,373.0,641.0,341.0,0.23,1420.57,29.43,36.65,57.86,4.55,1.0,0.0,54902.97,9095.0,0.0,2016.0,61981.97,0.33,2.21,0.73,2.07,1.52,1.12,1.36,1.0,1.36,1.8,1.38,0.09,6.31,57.98,7.06,51.84,2.84,128.95,135.1
2021-05-18,BSX,Boston Scientific Corp,6.4633,12.9514,20.9065,29.4297,40.4105,49.0795,55.2338,61.3769,66.0606,69.7439,41.77000045776367,42.189998626708984,41.65999984741211,41.72999954223633,5212300.0,2752.0,1661.0,373.0,641.0,341.0,2016.0,2016.0,30900.0,9095.0,15719.0,285.0,268.0,84.0,258.0,183.0,0.0,0.23,1430.8,524.0,0.37,60.36,23.29,13.55,11.81,-4.92,12.39,2.47,1.36,0.81,21.77,2752.0,373.0,641.0,341.0,0.23,1420.57,29.43,36.65,57.86,4.55,1.0,0.0,54902.97,9095.0,0.0,2016.0,61981.97,0.33,2.21,0.73,2.07,1.52,1.12,1.36,1.0,1.36,1.8,1.38,0.09,6.31,57.98,7.06,51.84,2.84,128.95,135.1
2021-05-19,BSX,Boston Scientific Corp,6.6224,13.2227,21.1289,30.5347,41.331,49.6999,55.6416,61.6234,66.1935,69.79,41.43000030517578,41.5,41.040000915527344,41.2599983215332,5900600.0,2752.0,1661.0,373.0,641.0,341.0,2016.0,2016.0,30900.0,9095.0,15719.0,285.0,268.0,84.0,258.0,183.0,0.0,0.23,1430.8,524.0,0.37,60.36,23.29,13.55,11.81,-4.92,12.39,2.47,1.36,0.81,21.77,2752.0,373.0,641.0,341.0,0.23,1420.57,29.43,36.65,57.86,4.55,1.0,0.0,54902.97,9095.0,0.0,2016.0,61981.97,0.33,2.21,0.73,2.07,1.52,1.12,1.36,1.0,1.36,1.8,1.38,0.09,6.31,57.98,7.06,51.84,2.84,128.95,135.1
2021-05-20,BSX,Boston Scientific Corp,6.8118,13.5753,21.3585,30.0299,41.4397,49.7704,55.6834,61.642,66.1945,69.7789,41.91999816894531,42.279998779296875,41.22999954223633,41.36000061035156,4427500.0,2752.0,1661.0,373.0,641.0,341.0,2016.0,2016.0,30900.0,9095.0,15719.0,285.0,268.0,84.0,258.0,183.0,0.0,0.23,1430.8,524.0,0.37,60.36,23.29,13.55,11.81,-4.92,12.39,2.47,1.36,0.81,21.77,2752.0,373.0,641.0,341.0,0.23,1420.57,29.43,36.65,57.86,4.55,1.0,0.0,54902.97,9095.0,0.0,2016.0,61981.97,0.33,2.21,0.73,2.07,1.52,1.12,1.36,1.0,1.36,1.8,1.38,0.09,6.31,57.98,7.06,51.84,2.84,128.95,135.1
2021-05-21,BSX,Boston Scientific Corp,7.1389,13.6639,21.1922,30.3905,41.6359,49.7104,55.4432,61.2657,65.7289,69.2529,42.11000061035156,42.63999938964844,42.06999969482422,42.13999938964844,5203600.0,2752.0,1661.0,373.0,641.0,341.0,2016.0,2016.0,30900.0,9095.0,15719.0,285.0,268.0,84.0,258.0,183.0,0.0,0.23,1430.8,524.0,0.37,60.36,23.29,13.55,11.81,-4.92,12.39,2.47,1.36,0.81,21.77,2752.0,373.0,641.0,341.0,0.23,1420.57,29.43,36.65,57.86,4.55,1.0,0.0,54902.97,9095.0,0.0,2016.0,61981.97,0.33,2.21,0.73,2.07,1.52,1.12,1.36,1.0,1.36,1.8,1.38,0.09,6.31,57.98,7.06,51.84,2.84,128.95,135.1
2021-05-24,BSX,Boston Scientific Corp,6.9047,14.2375,21.2919,30.2623,41.5771,50.025,56.0199,62.0474,66.6447,70.2587,42.79999923706055,42.97999954223633,42.20000076293945,42.369998931884766,7790600.0,2752.0,1661.0,373.0,641.0,341.0,2016.0,2016.0,30900.0,9095.0,15719.0,285.0,268.0,84.0,258.0,183.0,0.0,0.23,1430.8,524.0,0.37,60.36,23.29,13.55,11.81,-4.92,12.39,2.47,1.36,0.81,21.77,2752.0,373.0,641.0,341.0,0.23,1420.57,29.43,36.65,57.86,4.55,1.0,0.0,54902.97,9095.0,0.0,2016.0,61981.97,0.33,2.21,0.73,2.07,1.52,1.12,1.36,1.0,1.36,1.8,1.38,0.09,6.31,57.98,7.06,51.84,2.84,128.95,135.1
2021-05-25,BSX,Boston Scientific Corp,6.458,13.146,20.9334,29.9659,40.9565,49.4765,55.5206,61.5856,66.2131,69.8528,43.029998779296875,43.34000015258789,42.68000030517578,43.0099983215332,5891500.0,2752.0,1661.0,373.0,641.0,341.0,2016.0,2016.0,30900.0,9095.0,15719.0,285.0,268.0,84.0,258.0,183.0,0.0,0.23,1430.8,524.0,0.37,60.36,23.29,13.55,11.81,-4.92,12.39,2.47,1.36,0.81,21.77,2752.0,373.0,641.0,341.0,0.23,1420.57,29.43,36.65,57.86,4.55,1.0,0.0,54902.97,9095.0,0.0,2016.0,61981.97,0.33,2.21,0.73,2.07,1.52,1.12,1.36,1.0,1.36,1.8,1.38,0.09,6.31,57.98,7.06,51.84,2.84,128.95,135.1
2021-05-26,BSX,Boston Scientific Corp,6.5404,13.5764,21.5344,30.653,41.4553,50.3035,56.5793,62.8255,67.5664,71.2793,41.83000183105469,42.349998474121094,41.04999923706055,41.52000045776367,10531800.0,2752.0,1661.0,373.0,641.0,341.0,2016.0,2016.0,30900.0,9095.0,15719.0,285.0,268.0,84.0,258.0,183.0,0.0,0.23,1430.8,524.0,0.37,60.36,23.29,13.55,11.81,-4.92,12.39,2.47,1.36,0.81,21.77,2752.0,373.0,641.0,341.0,0.23,1420.57,29.43,36.65,57.86,4.55,1.0,0.0,54902.97,9095.0,0.0,2016.0,61981.97,0.33,2.21,0.73,2.07,1.52,1.12,1.36,1.0,1.36,1.8,1.38,0.09,6.31,57.98,7.06,51.84,2.84,128.95,135.1
2021-05-27,BSX,Boston Scientific Corp,6.5202,13.6754,21.613,30.8559,41.4641,50.3526,56.6552,62.9235,67.679,71.3997,41.959999084472656,42.22999954223633,41.779998779296875,42.04999923706055,8004500.0,2752.0,1661.0,373.0,641.0,341.0,2016.0,2016.0,30900.0,9095.0,15719.0,285.0,268.0,84.0,258.0,183.0,0.0,0.23,1430.8,524.0,0.37,60.36,23.29,13.55,11.81,-4.92,12.39,2.47,1.36,0.81,21.77,2752.0,373.0,641.0,341.0,0.23,1420.57,29.43,36.65,57.86,4.55,1.0,0.0,54902.97,9095.0,0.0,2016.0,61981.97,0.33,2.21,0.73,2.07,1.52,1.12,1.36,1.0,1.36,1.8,1.38,0.09,6.31,57.98,7.06,51.84,2.84,128.95,135.1
2021-05-28,BSX,Boston Scientific Corp,7.932,13.5099,21.0087,30.6244,41.5236,49.3438,54.8914,60.5785,64.9574,68.4277,42.54999923706055,42.86000061035156,42.08000183105469,42.36000061035156,5720700.0,2752.0,1661.0,373.0,641.0,341.0,2016.0,2016.0,30900.0,9095.0,15719.0,285.0,268.0,84.0,258.0,183.0,0.0,0.23,1430.8,524.0,0.37,60.36,23.29,13.55,11.81,-4.92,12.39,2.47,1.36,0.81,21.77,2752.0,373.0,641.0,341.0,0.23,1420.57,29.43,36.65,57.86,4.55,1.0,0.0,54902.97,9095.0,0.0,2016.0,61981.97,0.33,2.21,0.73,2.07,1.52,1.12,1.36,1.0,1.36,1.8,1.38,0.09,6.31,57.98,7.06,51.84,2.84,128.95,135.1
2021-06-01,BSX,Boston Scientific Corp,6.6298,13.3332,21.0122,30.1022,41.0833,49.7928,55.9669,62.6862,67.7506,71.6884,42.93000030517578,43.20000076293945,42.5,42.81999969482422,8166500.0,2752.0,1661.0,373.0,641.0,341.0,2016.0,2016.0,30900.0,9095.0,15719.0,285.0,268.0,84.0,258.0,183.0,0.0,0.23,1430.8,524.0,0.37,60.36,23.29,13.55,11.81,-4.92,12.39,2.47,1.36,0.81,21.77,2752.0,373.0,641.0,341.0,0.23,1420.57,29.43,36.65,57.86,4.55,1.0,0.0,54902.97,9095.0,0.0,2016.0,61981.97,0.33,2.21,0.73,2.07,1.52,1.12,1.36,1.0,1.36,1.8,1.38,0.09,6.31,57.98,7.06,51.84,2.84,128.95,135.1
2021-06-02,BSX,Boston Scientific Corp,6.8325,13.0076,20.2435,29.7393,40.5324,49.2243,55.3803,62.068,67.1174,71.05,41.61000061035156,43.060001373291016,41.54999923706055,43.0,11253700.0,2752.0,1661.0,373.0,641.0,341.0,2016.0,2016.0,30900.0,9095.0,15719.0,285.0,268.0,84.0,258.0,183.0,0.0,0.23,1430.8,524.0,0.37,60.36,23.29,13.55,11.81,-4.92,12.39,2.47,1.36,0.81,21.77,2752.0,373.0,641.0,341.0,0.23,1420.57,29.43,36.65,57.86,4.55,1.0,0.0,54902.97,9095.0,0.0,2016.0,61981.97,0.33,2.21,0.73,2.07,1.52,1.12,1.36,1.0,1.36,1.8,1.38,0.09,6.31,57.98,7.06,51.84,2.84,128.95,135.1
2021-06-03,BSX,Boston Scientific Corp,6.616,12.9105,20.2804,29.483,40.5201,49.1004,55.1765,61.8014,66.8111,70.7189,41.349998474121094,41.540000915527344,40.869998931884766,41.36000061035156,5658900.0,2752.0,1661.0,373.0,641.0,341.0,2016.0,2016.0,30900.0,9095.0,15719.0,285.0,268.0,84.0,258.0,183.0,0.0,0.23,1430.8,524.0,0.37,60.36,23.29,13.55,11.81,-4.92,12.39,2.47,1.36,0.81,21.77,2752.0,373.0,641.0,341.0,0.23,1420.57,29.43,36.65,57.86,4.55,1.0,0.0,54902.97,9095.0,0.0,2016.0,61981.97,0.33,2.21,0.73,2.07,1.52,1.12,1.36,1.0,1.36,1.8,1.38,0.09,6.31,57.98,7.06,51.84,2.84,128.95,135.1
2021-06-04,BSX,Boston Scientific Corp,7.9421,12.7439,20.1706,29.357,40.3926,48.1983,53.7286,59.8943,64.6072,68.3193,42.029998779296875,42.119998931884766,41.400001525878906,41.779998779296875,5465300.0,2752.0,1661.0,373.0,641.0,341.0,2016.0,2016.0,30900.0,9095.0,15719.0,285.0,268.0,84.0,258.0,183.0,0.0,0.23,1430.8,524.0,0.37,60.36,23.29,13.55,11.81,-4.92,12.39,2.47,1.36,0.81,21.77,2752.0,373.0,641.0,341.0,0.23,1420.57,29.43,36.65,57.86,4.55,1.0,0.0,54902.97,9095.0,0.0,2016.0,61981.97,0.33,2.21,0.73,2.07,1.52,1.12,1.36,1.0,1.36,1.8,1.38,0.09,6.31,57.98,7.06,51.84,2.84,128.95,135.1
2021-06-07,BSX,Boston Scientific Corp,6.8137,12.9917,20.336,29.6646,40.4107,49.1079,55.2638,61.9641,67.0264,70.9733,42.13999938964844,42.70000076293945,42.0099983215332,42.209999084472656,7467400.0,2752.0,1661.0,373.0,641.0,341.0,2016.0,2016.0,30900.0,9095.0,15719.0,285.0,268.0,84.0,258.0,183.0,0.0,0.23,1430.8,524.0,0.37,60.36,23.29,13.55,11.81,-4.92,12.39,2.47,1.36,0.81,21.77,2752.0,373.0,641.0,341.0,0.23,1420.57,29.43,36.65,57.86,4.55,1.0,0.0,54902.97,9095.0,0.0,2016.0,61981.97,0.33,2.21,0.73,2.07,1.52,1.12,1.36,1.0,1.36,1.8,1.38,0.09,6.31,57.98,7.06,51.84,2.84,128.95,135.1
2021-06-08,BSX,Boston Scientific Corp,6.958,12.9562,20.518,29.386,40.3651,49.0197,55.1456,61.8218,66.8678,70.8031,42.02000045776367,42.38999938964844,41.43000030517578,42.369998931884766,4840000.0,2752.0,1661.0,373.0,641.0,341.0,2016.0,2016.0,30900.0,9095.0,15719.0,285.0,268.0,84.0,258.0,183.0,0.0,0.23,1430.8,524.0,0.37,60.36,23.29,13.55,11.81,-4.92,12.39,2.47,1.36,0.81,21.77,2752.0,373.0,641.0,341.0,0.23,1420.57,29.43,36.65,57.86,4.55,1.0,0.0,54902.97,9095.0,0.0,2016.0,61981.97,0.33,2.21,0.73,2.07,1.52,1.12,1.36,1.0,1.36,1.8,1.38,0.09,6.31,57.98,7.06,51.84,2.84,128.95,135.1
2021-06-09,BSX,Boston Scientific Corp,7.048,13.1137,20.2956,29.8022,40.4617,49.0218,55.0817,61.7086,66.7234,70.6383,42.33000183105469,42.400001525878906,42.02000045776367,42.04999923706055,3863500.0,2752.0,1661.0,373.0,641.0,341.0,2016.0,2016.0,30900.0,9095.0,15719.0,285.0,268.0,84.0,258.0,183.0,0.0,0.23,1430.8,524.0,0.37,60.36,23.29,13.55,11.81,-4.92,12.39,2.47,1.36,0.81,21.77,2752.0,373.0,641.0,341.0,0.23,1420.57,29.43,36.65,57.86,4.55,1.0,0.0,54902.97,9095.0,0.0,2016.0,61981.97,0.33,2.21,0.73,2.07,1.52,1.12,1.36,1.0,1.36,1.8,1.38,0.09,6.31,57.98,7.06,51.84,2.84,128.95,135.1
2021-06-10,BSX,Boston Scientific Corp,6.9509,13.0463,20.3941,29.4197,40.233,48.9971,55.201,61.9488,67.0459,71.0175,42.84000015258789,42.90999984741211,42.38999938964844,42.4900016784668,3992000.0,2752.0,1661.0,373.0,641.0,341.0,2016.0,2016.0,30900.0,9095.0,15719.0,285.0,268.0,84.0,258.0,183.0,0.0,0.23,1430.8,524.0,0.37,60.36,23.29,13.55,11.81,-4.92,12.39,2.47,1.36,0.81,21.77,2752.0,373.0,641.0,341.0,0.23,1420.57,29.43,36.65,57.86,4.55,1.0,0.0,54902.97,9095.0,0.0,2016.0,61981.97,0.33,2.21,0.73,2.07,1.52,1.12,1.36,1.0,1.36,1.8,1.38,0.09,6.31,57.98,7.06,51.84,2.84,128.95,135.1
2021-06-11,BSX,Boston Scientific Corp,6.939,12.9483,20.3938,29.3626,40.0436,48.7054,54.8378,61.5278,66.5923,70.5465,42.90999984741211,42.93000030517578,42.380001068115234,42.7599983215332,5352800.0,2752.0,1661.0,373.0,641.0,341.0,2016.0,2016.0,30900.0,9095.0,15719.0,285.0,268.0,84.0,258.0,183.0,0.0,0.23,1430.8,524.0,0.37,60.36,23.29,13.55,11.81,-4.92,12.39,2.47,1.36,0.81,21.77,2752.0,373.0,641.0,341.0,0.23,1420.57,29.43,36.65,57.86,4.55,1.0,0.0,54902.97,9095.0,0.0,2016.0,61981.97,0.33,2.21,0.73,2.07,1.52,1.12,1.36,1.0,1.36,1.8,1.38,0.09,6.31,57.98,7.06,51.84,2.84,128.95,135.1
2021-06-14,BSX,Boston Scientific Corp,6.8039,12.915,20.1066,29.3633,39.6328,48.3387,54.5028,61.2379,66.3433,70.3344,42.540000915527344,42.939998626708984,42.369998931884766,42.939998626708984,5034100.0,2752.0,1661.0,373.0,641.0,341.0,2016.0,2016.0,30900.0,9095.0,15719.0,285.0,268.0,84.0,258.0,183.0,0.0,0.23,1430.8,524.0,0.37,60.36,23.29,13.55,11.81,-4.92,12.39,2.47,1.36,0.81,21.77,2752.0,373.0,641.0,341.0,0.23,1420.57,29.43,36.65,57.86,4.55,1.0,0.0,54902.97,9095.0,0.0,2016.0,61981.97,0.33,2.21,0.73,2.07,1.52,1.12,1.36,1.0,1.36,1.8,1.38,0.09,6.31,57.98,7.06,51.84,2.84,128.95,135.1
2021-06-15,BSX,Boston Scientific Corp,6.6644,12.3386,19.504,28.636,38.8692,47.3312,53.3225,59.9097,64.9262,68.865,42.75,42.93000030517578,42.38999938964844,42.70000076293945,6396200.0,2752.0,1661.0,373.0,641.0,341.0,2016.0,2016.0,30900.0,9095.0,15719.0,285.0,268.0,84.0,258.0,183.0,0.0,0.23,1430.8,524.0,0.37,60.36,23.29,13.55,11.81,-4.92,12.39,2.47,1.36,0.81,21.77,2752.0,373.0,641.0,341.0,0.23,1420.57,29.43,36.65,57.86,4.55,1.0,0.0,54902.97,9095.0,0.0,2016.0,61981.97,0.33,2.21,0.73,2.07,1.52,1.12,1.36,1.0,1.36,1.8,1.38,0.09,6.31,57.98,7.06,51.84,2.84,128.95,135.1
2021-06-16,BSX,Boston Scientific Corp,6.7777,12.3738,19.5707,28.6689,38.7791,47.198,53.1581,59.7181,64.7186,68.6479,42.779998779296875,43.029998779296875,42.529998779296875,42.810001373291016,4910600.0,2752.0,1661.0,373.0,641.0,341.0,2016.0,2016.0,30900.0,9095.0,15719.0,285.0,268.0,84.0,258.0,183.0,0.0,0.23,1430.8,524.0,0.37,60.36,23.29,13.55,11.81,-4.92,12.39,2.47,1.36,0.81,21.77,2752.0,373.0,641.0,341.0,0.23,1420.57,29.43,36.65,57.86,4.55,1.0,0.0,54902.97,9095.0,0.0,2016.0,61981.97,0.33,2.21,0.73,2.07,1.52,1.12,1.36,1.0,1.36,1.8,1.38,0.09,6.31,57.98,7.06,51.84,2.84,128.95,135.1
2021-06-17,BSX,Boston Scientific Corp,6.819,12.3685,19.6642,28.5878,38.7911,47.2162,53.1818,59.7432,64.7446,68.6741,43.349998474121094,43.5,42.70000076293945,42.720001220703125,6578600.0,2752.0,1661.0,373.0,641.0,341.0,2016.0,2016.0,30900.0,9095.0,15719.0,285.0,268.0,84.0,258.0,183.0,0.0,0.23,1430.8,524.0,0.37,60.36,23.29,13.55,11.81,-4.92,12.39,2.47,1.36,0.81,21.77,2752.0,373.0,641.0,341.0,0.23,1420.57,29.43,36.65,57.86,4.55,1.0,0.0,54902.97,9095.0,0.0,2016.0,61981.97,0.33,2.21,0.73,2.07,1.52,1.12,1.36,1.0,1.36,1.8,1.38,0.09,6.31,57.98,7.06,51.84,2.84,128.95,135.1
2021-06-18,BSX,Boston Scientific Corp,7.148,12.2313,19.2735,28.5791,38.9081,47.303,53.2496,59.7918,64.7839,68.7103,43.02000045776367,43.36000061035156,42.810001373291016,43.11000061035156,8845300.0,2752.0,1661.0,373.0,641.0,341.0,2016.0,2016.0,30900.0,9095.0,15719.0,285.0,268.0,84.0,258.0,183.0,0.0,0.23,1430.8,524.0,0.37,60.36,23.29,13.55,11.81,-4.92,12.39,2.47,1.36,0.81,21.77,2752.0,373.0,641.0,341.0,0.23,1420.57,29.43,36.65,57.86,4.55,1.0,0.0,54902.97,9095.0,0.0,2016.0,61981.97,0.33,2.21,0.73,2.07,1.52,1.12,1.36,1.0,1.36,1.8,1.38,0.09,6.31,57.98,7.06,51.84,2.84,128.95,135.1
2021-06-21,BSX,Boston Scientific Corp,6.7824,12.3147,19.4522,28.6462,38.9123,47.5359,53.6462,60.3409,65.4357,69.4328,43.599998474121094,43.81999969482422,43.16999816894531,43.29999923706055,6706000.0,2752.0,1661.0,373.0,641.0,341.0,2016.0,2016.0,30900.0,9095.0,15719.0,285.0,268.0,84.0,258.0,183.0,0.0,0.23,1430.8,524.0,0.37,60.36,23.29,13.55,11.81,-4.92,12.39,2.47,1.36,0.81,21.77,2752.0,373.0,641.0,341.0,0.23,1420.57,29.43,36.65,57.86,4.55,1.0,0.0,54902.97,9095.0,0.0,2016.0,61981.97,0.33,2.21,0.73,2.07,1.52,1.12,1.36,1.0,1.36,1.8,1.38,0.09,6.31,57.98,7.06,51.84,2.84,128.95,135.1
2021-06-22,BSX,Boston Scientific Corp,6.6086,12.307,19.5177,28.6531,38.8132,47.5148,53.6762,60.4077,65.523,69.5316,43.83000183105469,43.91999816894531,43.290000915527344,43.529998779296875,5623300.0,2752.0,1661.0,373.0,641.0,341.0,2016.0,2016.0,30900.0,9095.0,15719.0,285.0,268.0,84.0,258.0,183.0,0.0,0.23,1430.8,524.0,0.37,60.36,23.29,13.55,11.81,-4.92,12.39,2.47,1.36,0.81,21.77,2752.0,373.0,641.0,341.0,0.23,1420.57,29.43,36.65,57.86,4.55,1.0,0.0,54902.97,9095.0,0.0,2016.0,61981.97,0.33,2.21,0.73,2.07,1.52,1.12,1.36,1.0,1.36,1.8,1.38,0.09,6.31,57.98,7.06,51.84,2.84,128.95,135.1
2021-06-23,BSX,Boston Scientific Corp,6.9901,12.553,19.6177,28.2579,38.31,46.9001,52.982,59.6523,64.7351,68.7278,43.790000915527344,43.970001220703125,43.619998931884766,43.790000915527344,3760400.0,2752.0,1661.0,373.0,641.0,341.0,2016.0,2016.0,30900.0,9095.0,15719.0,285.0,268.0,84.0,258.0,183.0,0.0,0.23,1430.8,524.0,0.37,60.36,23.29,13.55,11.81,-4.92,12.39,2.47,1.36,0.81,21.77,2752.0,373.0,641.0,341.0,0.23,1420.57,29.43,36.65,57.86,4.55,1.0,0.0,54902.97,9095.0,0.0,2016.0,61981.97,0.33,2.21,0.73,2.07,1.52,1.12,1.36,1.0,1.36,1.8,1.38,0.09,6.31,57.98,7.06,51.84,2.84,128.95,135.1
2021-06-24,BSX,Boston Scientific Corp,6.5924,12.25,19.3575,28.2918,37.993,46.8967,53.198,60.0375,65.2316,69.2996,43.709999084472656,44.20000076293945,43.709999084472656,43.9900016784668,6324800.0,2752.0,1661.0,373.0,641.0,341.0,2016.0,2016.0,30900.0,9095.0,15719.0,285.0,268.0,84.0,258.0,183.0,0.0,0.23,1430.8,524.0,0.37,60.36,23.29,13.55,11.81,-4.92,12.39,2.47,1.36,0.81,21.77,2752.0,373.0,641.0,341.0,0.23,1420.57,29.43,36.65,57.86,4.55,1.0,0.0,54902.97,9095.0,0.0,2016.0,61981.97,0.33,2.21,0.73,2.07,1.52,1.12,1.36,1.0,1.36,1.8,1.38,0.09,6.31,57.98,7.06,51.84,2.84,128.95,135.1
2021-06-25,BSX,Boston Scientific Corp,6.6659,11.9328,18.2774,27.2547,37.2614,45.3441,51.067,57.419,62.3088,66.1832,44.099998474121094,44.27000045776367,43.84000015258789,43.869998931884766,6884200.0,2752.0,1661.0,373.0,641.0,341.0,2016.0,2016.0,30900.0,9095.0,15719.0,285.0,268.0,84.0,258.0,183.0,0.0,0.23,1430.8,524.0,0.37,60.36,23.29,13.55,11.81,-4.92,12.39,2.47,1.36,0.81,21.77,2752.0,373.0,641.0,341.0,0.23,1420.57,29.43,36.65,57.86,4.55,1.0,0.0,54902.97,9095.0,0.0,2016.0,61981.97,0.33,2.21,0.73,2.07,1.52,1.12,1.36,1.0,1.36,1.8,1.38,0.09,6.31,57.98,7.06,51.84,2.84,128.95,135.1
2021-06-28,BSX,Boston Scientific Corp,6.1523,12.2295,18.5393,27.4435,37.1169,45.9183,52.1449,58.9216,64.0872,68.1451,43.33000183105469,44.220001220703125,43.040000915527344,44.0,6762800.0,2752.0,1661.0,373.0,641.0,341.0,2016.0,2016.0,30900.0,9095.0,15719.0,285.0,268.0,84.0,258.0,183.0,0.0,0.23,1430.8,524.0,0.37,60.36,23.29,13.55,11.81,-4.92,12.39,2.47,1.36,0.81,21.77,2752.0,373.0,641.0,341.0,0.23,1420.57,29.43,36.65,57.86,4.55,1.0,0.0,54902.97,9095.0,0.0,2016.0,61981.97,0.33,2.21,0.73,2.07,1.52,1.12,1.36,1.0,1.36,1.8,1.38,0.09,6.31,57.98,7.06,51.84,2.84,128.95,135.1
2021-06-29,BSX,Boston Scientific Corp,6.0526,12.2511,18.5487,26.9758,36.8332,45.6533,51.8934,58.6856,63.8656,67.9367,43.22999954223633,43.5,42.97999954223633,43.369998931884766,5370200.0,2752.0,1661.0,373.0,641.0,341.0,2016.0,2016.0,30900.0,9095.0,15719.0,285.0,268.0,84.0,258.0,183.0,0.0,0.23,1430.8,524.0,0.37,60.36,23.29,13.55,11.81,-4.92,12.39,2.47,1.36,0.81,21.77,2752.0,373.0,641.0,341.0,0.23,1420.57,29.43,36.65,57.86,4.55,1.0,0.0,54902.97,9095.0,0.0,2016.0,61981.97,0.33,2.21,0.73,2.07,1.52,1.12,1.36,1.0,1.36,1.8,1.38,0.09,6.31,57.98,7.06,51.84,2.84,128.95,135.1
2021-06-30,BSX,Boston Scientific Corp,6.2533,12.2098,18.4743,27.04,36.9537,45.4157,51.4024,57.9851,63.0281,67.008,42.7599983215332,43.29999923706055,42.439998626708984,43.29999923706055,8902400.0,3077.0,1940.0,606.0,869.0,186.0,2675.0,2675.0,31168.0,9109.0,15942.0,642.0,308.0,120.0,645.0,505.0,0.0,0.12,1432.5,577.0,0.4,63.05,28.24,19.69,4.84,-24.83,6.04,2.79,3.34,1.88,21.77,3077.0,606.0,869.0,186.0,0.12,1421.72,29.23,36.36,57.14,7.05,1.0,0.0,60758.15,9109.0,0.0,2675.0,67192.15,0.36,4.95,1.79,1.96,3.51,1.05,3.34,1.0,3.34,1.66,1.31,0.09,7.15,51.19,8.11,45.12,3.02,121.18,127.25
2021-07-01,BSX,Boston Scientific Corp,6.5218,12.5733,18.6911,26.7682,37.1102,45.3917,51.2517,57.7405,62.7223,66.661,43.36000061035156,43.5099983215332,42.689998626708984,42.779998779296875,5756400.0,3077.0,1940.0,606.0,869.0,186.0,2675.0,2675.0,31168.0,9109.0,15942.0,642.0,308.0,120.0,645.0,505.0,0.0,0.12,1432.5,577.0,0.4,63.05,28.24,19.69,4.84,-24.83,6.04,2.79,3.34,1.88,21.77,3077.0,606.0,869.0,186.0,0.12,1421.72,29.23,36.36,57.14,7.05,1.0,0.0,60758.15,9109.0,0.0,2675.0,67192.15,0.36,4.95,1.79,1.96,3.51,1.05,3.34,1.0,3.34,1.66,1.31,0.09,7.15,51.19,8.11,45.12,3.02,121.18,127.25
2021-07-02,BSX,Boston Scientific Corp,7.546,12.131,18.2933,27.0853,37.0864,44.8265,50.3045,56.4612,61.2281,65.0247,43.91999816894531,44.0,43.209999084472656,43.400001525878906,4997800.0,3077.0,1940.0,606.0,869.0,186.0,2675.0,2675.0,31168.0,9109.0,15942.0,642.0,308.0,120.0,645.0,505.0,0.0,0.12,1432.5,577.0,0.4,63.05,28.24,19.69,4.84,-24.83,6.04,2.79,3.34,1.88,21.77,3077.0,606.0,869.0,186.0,0.12,1421.72,29.23,36.36,57.14,7.05,1.0,0.0,60758.15,9109.0,0.0,2675.0,67192.15,0.36,4.95,1.79,1.96,3.51,1.05,3.34,1.0,3.34,1.66,1.31,0.09,7.15,51.19,8.11,45.12,3.02,121.18,127.25
2021-07-06,BSX,Boston Scientific Corp,6.2844,12.234,18.4936,26.9629,36.9583,45.5534,51.6294,59.5624,65.5578,70.2358,43.619998931884766,43.79999923706055,43.25,43.790000915527344,6659700.0,3077.0,1940.0,606.0,869.0,186.0,2675.0,2675.0,31168.0,9109.0,15942.0,642.0,308.0,120.0,645.0,505.0,0.0,0.12,1432.5,577.0,0.4,63.05,28.24,19.69,4.84,-24.83,6.04,2.79,3.34,1.88,21.77,3077.0,606.0,869.0,186.0,0.12,1421.72,29.23,36.36,57.14,7.05,1.0,0.0,60758.15,9109.0,0.0,2675.0,67192.15,0.36,4.95,1.79,1.96,3.51,1.05,3.34,1.0,3.34,1.66,1.31,0.09,7.15,51.19,8.11,45.12,3.02,121.18,127.25
2021-07-07,BSX,Boston Scientific Corp,6.4319,12.4542,18.7645,26.9353,37.1871,45.664,51.6578,59.5348,65.4954,70.1511,43.93000030517578,43.9900016784668,43.540000915527344,43.720001220703125,5358000.0,3077.0,1940.0,606.0,869.0,186.0,2675.0,2675.0,31168.0,9109.0,15942.0,642.0,308.0,120.0,645.0,505.0,0.0,0.12,1432.5,577.0,0.4,63.05,28.24,19.69,4.84,-24.83,6.04,2.79,3.34,1.88,21.77,3077.0,606.0,869.0,186.0,0.12,1421.72,29.23,36.36,57.14,7.05,1.0,0.0,60758.15,9109.0,0.0,2675.0,67192.15,0.36,4.95,1.79,1.96,3.51,1.05,3.34,1.0,3.34,1.66,1.31,0.09,7.15,51.19,8.11,45.12,3.02,121.18,127.25
2021-07-08,BSX,Boston Scientific Corp,6.592,12.5529,18.8959,27.0673,37.8736,46.1757,52.0473,59.836,65.7347,70.3442,43.34000015258789,43.540000915527344,42.790000915527344,43.459999084472656,6035200.0,3077.0,1940.0,606.0,869.0,186.0,2675.0,2675.0,31168.0,9109.0,15942.0,642.0,308.0,120.0,645.0,505.0,0.0,0.12,1432.5,577.0,0.4,63.05,28.24,19.69,4.84,-24.83,6.04,2.79,3.34,1.88,21.77,3077.0,606.0,869.0,186.0,0.12,1421.72,29.23,36.36,57.14,7.05,1.0,0.0,60758.15,9109.0,0.0,2675.0,67192.15,0.36,4.95,1.79,1.96,3.51,1.05,3.34,1.0,3.34,1.66,1.31,0.09,7.15,51.19,8.11,45.12,3.02,121.18,127.25
2021-07-09,BSX,Boston Scientific Corp,6.8082,12.3681,19.2729,28.1141,37.7304,46.4563,52.6231,60.6811,66.7527,71.4765,43.59000015258789,43.83000183105469,43.38999938964844,43.66999816894531,4137100.0,3077.0,1940.0,606.0,869.0,186.0,2675.0,2675.0,31168.0,9109.0,15942.0,642.0,308.0,120.0,645.0,505.0,0.0,0.12,1432.5,577.0,0.4,63.05,28.24,19.69,4.84,-24.83,6.04,2.79,3.34,1.88,21.77,3077.0,606.0,869.0,186.0,0.12,1421.72,29.23,36.36,57.14,7.05,1.0,0.0,60758.15,9109.0,0.0,2675.0,67192.15,0.36,4.95,1.79,1.96,3.51,1.05,3.34,1.0,3.34,1.66,1.31,0.09,7.15,51.19,8.11,45.12,3.02,121.18,127.25
2021-07-12,BSX,Boston Scientific Corp,6.5834,12.1497,18.9222,27.8616,37.4567,46.2256,52.4167,60.4794,66.5515,71.2736,43.4900016784668,43.619998931884766,43.36000061035156,43.36000061035156,3772600.0,3077.0,1940.0,606.0,869.0,186.0,2675.0,2675.0,31168.0,9109.0,15942.0,642.0,308.0,120.0,645.0,505.0,0.0,0.12,1432.5,577.0,0.4,63.05,28.24,19.69,4.84,-24.83,6.04,2.79,3.34,1.88,21.77,3077.0,606.0,869.0,186.0,0.12,1421.72,29.23,36.36,57.14,7.05,1.0,0.0,60758.15,9109.0,0.0,2675.0,67192.15,0.36,4.95,1.79,1.96,3.51,1.05,3.34,1.0,3.34,1.66,1.31,0.09,7.15,51.19,8.11,45.12,3.02,121.18,127.25
2021-07-13,BSX,Boston Scientific Corp,6.3638,12.2975,18.9805,27.3292,37.4653,45.897,51.8511,59.6965,65.6289,70.2597,43.060001373291016,43.52000045776367,43.0,43.38999938964844,4137100.0,3077.0,1940.0,606.0,869.0,186.0,2675.0,2675.0,31168.0,9109.0,15942.0,642.0,308.0,120.0,645.0,505.0,0.0,0.12,1432.5,577.0,0.4,63.05,28.24,19.69,4.84,-24.83,6.04,2.79,3.34,1.88,21.77,3077.0,606.0,869.0,186.0,0.12,1421.72,29.23,36.36,57.14,7.05,1.0,0.0,60758.15,9109.0,0.0,2675.0,67192.15,0.36,4.95,1.79,1.96,3.51,1.05,3.34,1.0,3.34,1.66,1.31,0.09,7.15,51.19,8.11,45.12,3.02,121.18,127.25
2021-07-14,BSX,Boston Scientific Corp,6.1803,12.197,18.4846,27.2963,37.1689,45.8373,51.9572,59.9461,65.9722,70.6657,42.7400016784668,43.34000015258789,42.650001525878906,43.2400016784668,4174500.0,3077.0,1940.0,606.0,869.0,186.0,2675.0,2675.0,31168.0,9109.0,15942.0,642.0,308.0,120.0,645.0,505.0,0.0,0.12,1432.5,577.0,0.4,63.05,28.24,19.69,4.84,-24.83,6.04,2.79,3.34,1.88,21.77,3077.0,606.0,869.0,186.0,0.12,1421.72,29.23,36.36,57.14,7.05,1.0,0.0,60758.15,9109.0,0.0,2675.0,67192.15,0.36,4.95,1.79,1.96,3.51,1.05,3.34,1.0,3.34,1.66,1.31,0.09,7.15,51.19,8.11,45.12,3.02,121.18,127.25
2021-07-15,BSX,Boston Scientific Corp,6.2041,12.2965,18.5156,27.384,37.1422,45.9314,52.1364,60.2123,66.2974,71.0324,42.15999984741211,42.54999923706055,41.86000061035156,42.41999816894531,6079700.0,3077.0,1940.0,606.0,869.0,186.0,2675.0,2675.0,31168.0,9109.0,15942.0,642.0,308.0,120.0,645.0,505.0,0.0,0.12,1432.5,577.0,0.4,63.05,28.24,19.69,4.84,-24.83,6.04,2.79,3.34,1.88,21.77,3077.0,606.0,869.0,186.0,0.12,1421.72,29.23,36.36,57.14,7.05,1.0,0.0,60758.15,9109.0,0.0,2675.0,67192.15,0.36,4.95,1.79,1.96,3.51,1.05,3.34,1.0,3.34,1.66,1.31,0.09,7.15,51.19,8.11,45.12,3.02,121.18,127.25
2021-07-16,BSX,Boston Scientific Corp,6.0804,12.1167,18.4442,27.3151,37.0337,45.8624,52.0968,60.205,66.3162,71.0724,42.099998474121094,42.43000030517578,41.97999954223633,42.310001373291016,5539700.0,3077.0,1940.0,606.0,869.0,186.0,2675.0,2675.0,31168.0,9109.0,15942.0,642.0,308.0,120.0,645.0,505.0,0.0,0.12,1432.5,577.0,0.4,63.05,28.24,19.69,4.84,-24.83,6.04,2.79,3.34,1.88,21.77,3077.0,606.0,869.0,186.0,0.12,1421.72,29.23,36.36,57.14,7.05,1.0,0.0,60758.15,9109.0,0.0,2675.0,67192.15,0.36,4.95,1.79,1.96,3.51,1.05,3.34,1.0,3.34,1.66,1.31,0.09,7.15,51.19,8.11,45.12,3.02,121.18,127.25
2021-07-19,BSX,Boston Scientific Corp,7.0466,12.4629,19.5197,28.4562,38.5707,47.3085,53.4769,61.0679,66.8476,71.3869,41.22999954223633,41.83000183105469,40.93000030517578,41.65999984741211,6268200.0,3077.0,1940.0,606.0,869.0,186.0,2675.0,2675.0,31168.0,9109.0,15942.0,642.0,308.0,120.0,645.0,505.0,0.0,0.12,1432.5,577.0,0.4,63.05,28.24,19.69,4.84,-24.83,6.04,2.79,3.34,1.88,21.77,3077.0,606.0,869.0,186.0,0.12,1421.72,29.23,36.36,57.14,7.05,1.0,0.0,60758.15,9109.0,0.0,2675.0,67192.15,0.36,4.95,1.79,1.96,3.51,1.05,3.34,1.0,3.34,1.66,1.31,0.09,7.15,51.19,8.11,45.12,3.02,121.18,127.25
2021-07-20,BSX,Boston Scientific Corp,6.0776,12.3171,19.3146,27.8484,37.9517,46.4905,52.5203,59.9912,65.7048,70.2099,42.790000915527344,43.0,41.310001373291016,41.31999969482422,8007700.0,3077.0,1940.0,606.0,869.0,186.0,2675.0,2675.0,31168.0,9109.0,15942.0,642.0,308.0,120.0,645.0,505.0,0.0,0.12,1432.5,577.0,0.4,63.05,28.24,19.69,4.84,-24.83,6.04,2.79,3.34,1.88,21.77,3077.0,606.0,869.0,186.0,0.12,1421.72,29.23,36.36,57.14,7.05,1.0,0.0,60758.15,9109.0,0.0,2675.0,67192.15,0.36,4.95,1.79,1.96,3.51,1.05,3.34,1.0,3.34,1.66,1.31,0.09,7.15,51.19,8.11,45.12,3.02,121.18,127.25
2021-07-21,BSX,Boston Scientific Corp,6.3295,12.3874,18.5596,27.3136,36.992,45.731,51.8955,58.8414,64.1526,68.3399,43.58000183105469,43.83000183105469,43.02000045776367,43.189998626708984,7571100.0,3077.0,1940.0,606.0,869.0,186.0,2675.0,2675.0,31168.0,9109.0,15942.0,642.0,308.0,120.0,645.0,505.0,0.0,0.12,1432.5,577.0,0.4,63.05,28.24,19.69,4.84,-24.83,6.04,2.79,3.34,1.88,21.77,3077.0,606.0,869.0,186.0,0.12,1421.72,29.23,36.36,57.14,7.05,1.0,0.0,60758.15,9109.0,0.0,2675.0,67192.15,0.36,4.95,1.79,1.96,3.51,1.05,3.34,1.0,3.34,1.66,1.31,0.09,7.15,51.19,8.11,45.12,3.02,121.18,127.25
2021-07-22,BSX,Boston Scientific Corp,6.437,12.303,18.6134,26.5157,36.771,45.1013,50.9774,57.6785,62.8316,66.9141,43.54999923706055,43.91999816894531,43.18000030517578,43.630001068115234,4793700.0,3077.0,1940.0,606.0,869.0,186.0,2675.0,2675.0,31168.0,9109.0,15942.0,642.0,308.0,120.0,645.0,505.0,0.0,0.12,1432.5,577.0,0.4,63.05,28.24,19.69,4.84,-24.83,6.04,2.79,3.34,1.88,21.77,3077.0,606.0,869.0,186.0,0.12,1421.72,29.23,36.36,57.14,7.05,1.0,0.0,60758.15,9109.0,0.0,2675.0,67192.15,0.36,4.95,1.79,1.96,3.51,1.05,3.34,1.0,3.34,1.66,1.31,0.09,7.15,51.19,8.11,45.12,3.02,121.18,127.25
2021-07-23,BSX,Boston Scientific Corp,6.3987,11.7363,18.3039,26.4421,35.9316,44.6904,50.8649,57.807,63.1242,67.3217,44.119998931884766,44.27000045776367,43.689998626708984,43.849998474121094,5204200.0,3077.0,1940.0,606.0,869.0,186.0,2675.0,2675.0,31168.0,9109.0,15942.0,642.0,308.0,120.0,645.0,505.0,0.0,0.12,1432.5,577.0,0.4,63.05,28.24,19.69,4.84,-24.83,6.04,2.79,3.34,1.88,21.77,3077.0,606.0,869.0,186.0,0.12,1421.72,29.23,36.36,57.14,7.05,1.0,0.0,60758.15,9109.0,0.0,2675.0,67192.15,0.36,4.95,1.79,1.96,3.51,1.05,3.34,1.0,3.34,1.66,1.31,0.09,7.15,51.19,8.11,45.12,3.02,121.18,127.25
2021-07-26,BSX,Boston Scientific Corp,7.8023,11.7027,17.5857,26.0743,35.4092,43.0057,48.3617,54.59,59.4529,63.3554,43.970001220703125,44.08000183105469,43.68000030517578,43.869998931884766,5899300.0,3077.0,1940.0,606.0,869.0,186.0,2675.0,2675.0,31168.0,9109.0,15942.0,642.0,308.0,120.0,645.0,505.0,0.0,0.12,1432.5,577.0,0.4,63.05,28.24,19.69,4.84,-24.83,6.04,2.79,3.34,1.88,21.77,3077.0,606.0,869.0,186.0,0.12,1421.72,29.23,36.36,57.14,7.05,1.0,0.0,60758.15,9109.0,0.0,2675.0,67192.15,0.36,4.95,1.79,1.96,3.51,1.05,3.34,1.0,3.34,1.66,1.31,0.09,7.15,51.19,8.11,45.12,3.02,121.18,127.25
2021-07-27,BSX,Boston Scientific Corp,8.3257,11.317,17.207,25.6965,34.7409,42.4388,47.8649,54.1406,59.0387,62.9694,45.5099983215332,46.029998779296875,43.779998779296875,44.630001068115234,14100200.0,3077.0,1940.0,606.0,869.0,186.0,2675.0,2675.0,31168.0,9109.0,15942.0,642.0,308.0,120.0,645.0,505.0,0.0,0.12,1432.5,577.0,0.4,63.05,28.24,19.69,4.84,-24.83,6.04,2.79,3.34,1.88,21.77,3077.0,606.0,869.0,186.0,0.12,1421.72,29.23,36.36,57.14,7.05,1.0,0.0,60758.15,9109.0,0.0,2675.0,67192.15,0.36,4.95,1.79,1.96,3.51,1.05,3.34,1.0,3.34,1.66,1.31,0.09,7.15,51.19,8.11,45.12,3.02,121.18,127.25
2021-07-28,BSX,Boston Scientific Corp,8.3766,11.3375,17.2176,25.6685,34.6759,42.3656,47.7864,54.0629,58.9657,62.9023,45.43000030517578,45.79999923706055,44.83000183105469,45.40999984741211,8168100.0,3077.0,1940.0,606.0,869.0,186.0,2675.0,2675.0,31168.0,9109.0,15942.0,642.0,308.0,120.0,645.0,505.0,0.0,0.12,1432.5,577.0,0.4,63.05,28.24,19.69,4.84,-24.83,6.04,2.79,3.34,1.88,21.77,3077.0,606.0,869.0,186.0,0.12,1421.72,29.23,36.36,57.14,7.05,1.0,0.0,60758.15,9109.0,0.0,2675.0,67192.15,0.36,4.95,1.79,1.96,3.51,1.05,3.34,1.0,3.34,1.66,1.31,0.09,7.15,51.19,8.11,45.12,3.02,121.18,127.25
2021-07-29,BSX,Boston Scientific Corp,8.0506,11.4026,17.3614,25.7327,34.8617,42.3442,47.6188,53.7716,58.5908,62.4694,45.31999969482422,45.56999969482422,44.91999816894531,45.52000045776367,5214500.0,3077.0,1940.0,606.0,869.0,186.0,2675.0,2675.0,31168.0,9109.0,15942.0,642.0,308.0,120.0,645.0,505.0,0.0,0.12,1432.5,577.0,0.4,63.05,28.24,19.69,4.84,-24.83,6.04,2.79,3.34,1.88,21.77,3077.0,606.0,869.0,186.0,0.12,1421.72,29.23,36.36,57.14,7.05,1.0,0.0,60758.15,9109.0,0.0,2675.0,67192.15,0.36,4.95,1.79,1.96,3.51,1.05,3.34,1.0,3.34,1.66,1.31,0.09,7.15,51.19,8.11,45.12,3.02,121.18,127.25
2021-07-30,BSX,Boston Scientific Corp,9.6348,11.3674,17.2362,25.8788,34.777,42.6286,48.1607,54.5288,59.4884,63.4602,45.599998474121094,45.93000030517578,45.0099983215332,45.189998626708984,9108200.0,3077.0,1940.0,606.0,869.0,186.0,2675.0,2675.0,31168.0,9109.0,15942.0,642.0,308.0,120.0,645.0,505.0,0.0,0.12,1432.5,577.0,0.4,63.05,28.24,19.69,4.84,-24.83,6.04,2.79,3.34,1.88,21.77,3077.0,606.0,869.0,186.0,0.12,1421.72,29.23,36.36,57.14,7.05,1.0,0.0,60758.15,9109.0,0.0,2675.0,67192.15,0.36,4.95,1.79,1.96,3.51,1.05,3.34,1.0,3.34,1.66,1.31,0.09,7.15,51.19,8.11,45.12,3.02,121.18,127.25
2021-08-02,BSX,Boston Scientific Corp,8.4695,11.4457,17.7695,25.7966,35.1545,43.2738,48.9913,55.5367,60.6094,64.654,45.880001068115234,46.290000915527344,45.34000015258789,45.77000045776367,10041100.0,3077.0,1940.0,606.0,869.0,186.0,2675.0,2675.0,31168.0,9109.0,15942.0,642.0,308.0,120.0,645.0,505.0,0.0,0.12,1432.5,577.0,0.4,63.05,28.24,19.69,4.84,-24.83,6.04,2.79,3.34,1.88,21.77,3077.0,606.0,869.0,186.0,0.12,1421.72,29.23,36.36,57.14,7.05,1.0,0.0,60758.15,9109.0,0.0,2675.0,67192.15,0.36,4.95,1.79,1.96,3.51,1.05,3.34,1.0,3.34,1.66,1.31,0.09,7.15,51.19,8.11,45.12,3.02,121.18,127.25
2021-08-03,BSX,Boston Scientific Corp,7.0364,11.6557,17.939,25.995,35.153,43.6318,49.6002,56.3522,61.5588,65.6933,45.540000915527344,45.93000030517578,45.15999984741211,45.900001525878906,7721500.0,3077.0,1940.0,606.0,869.0,186.0,2675.0,2675.0,31168.0,9109.0,15942.0,642.0,308.0,120.0,645.0,505.0,0.0,0.12,1432.5,577.0,0.4,63.05,28.24,19.69,4.84,-24.83,6.04,2.79,3.34,1.88,21.77,3077.0,606.0,869.0,186.0,0.12,1421.72,29.23,36.36,57.14,7.05,1.0,0.0,60758.15,9109.0,0.0,2675.0,67192.15,0.36,4.95,1.79,1.96,3.51,1.05,3.34,1.0,3.34,1.66,1.31,0.09,7.15,51.19,8.11,45.12,3.02,121.18,127.25
2021-08-04,BSX,Boston Scientific Corp,6.7736,11.5228,17.8446,26.0229,35.4971,43.9184,49.8463,56.5826,61.7769,65.9014,44.2599983215332,45.599998474121094,44.2400016784668,45.380001068115234,8099900.0,3077.0,1940.0,606.0,869.0,186.0,2675.0,2675.0,31168.0,9109.0,15942.0,642.0,308.0,120.0,645.0,505.0,0.0,0.12,1432.5,577.0,0.4,63.05,28.24,19.69,4.84,-24.83,6.04,2.79,3.34,1.88,21.77,3077.0,606.0,869.0,186.0,0.12,1421.72,29.23,36.36,57.14,7.05,1.0,0.0,60758.15,9109.0,0.0,2675.0,67192.15,0.36,4.95,1.79,1.96,3.51,1.05,3.34,1.0,3.34,1.66,1.31,0.09,7.15,51.19,8.11,45.12,3.02,121.18,127.25
2021-08-05,BSX,Boston Scientific Corp,6.9951,11.5673,17.6192,26.1394,35.4251,43.4973,49.181,55.7065,60.7666,64.8033,44.650001525878906,44.65999984741211,44.060001373291016,44.45000076293945,6471000.0,3077.0,1940.0,606.0,869.0,186.0,2675.0,2675.0,31168.0,9109.0,15942.0,642.0,308.0,120.0,645.0,505.0,0.0,0.12,1432.5,577.0,0.4,63.05,28.24,19.69,4.84,-24.83,6.04,2.79,3.34,1.88,21.77,3077.0,606.0,869.0,186.0,0.12,1421.72,29.23,36.36,57.14,7.05,1.0,0.0,60758.15,9109.0,0.0,2675.0,67192.15,0.36,4.95,1.79,1.96,3.51,1.05,3.34,1.0,3.34,1.66,1.31,0.09,7.15,51.19,8.11,45.12,3.02,121.18,127.25
2021-08-06,BSX,Boston Scientific Corp,8.9257,12.149,17.6302,25.6607,35.086,41.6297,46.2412,51.8472,56.3129,59.958,44.70000076293945,44.7400016784668,44.290000915527344,44.709999084472656,5607500.0,3077.0,1940.0,606.0,869.0,186.0,2675.0,2675.0,31168.0,9109.0,15942.0,642.0,308.0,120.0,645.0,505.0,0.0,0.12,1432.5,577.0,0.4,63.05,28.24,19.69,4.84,-24.83,6.04,2.79,3.34,1.88,21.77,3077.0,606.0,869.0,186.0,0.12,1421.72,29.23,36.36,57.14,7.05,1.0,0.0,60758.15,9109.0,0.0,2675.0,67192.15,0.36,4.95,1.79,1.96,3.51,1.05,3.34,1.0,3.34,1.66,1.31,0.09,7.15,51.19,8.11,45.12,3.02,121.18,127.25
2021-08-09,BSX,Boston Scientific Corp,5.6173,11.4546,18.3489,26.5382,35.7329,44.8265,51.2198,58.3931,63.8881,68.2223,43.810001373291016,44.869998931884766,43.68000030517578,44.70000076293945,5918500.0,3077.0,1940.0,606.0,869.0,186.0,2675.0,2675.0,31168.0,9109.0,15942.0,642.0,308.0,120.0,645.0,505.0,0.0,0.12,1432.5,577.0,0.4,63.05,28.24,19.69,4.84,-24.83,6.04,2.79,3.34,1.88,21.77,3077.0,606.0,869.0,186.0,0.12,1421.72,29.23,36.36,57.14,7.05,1.0,0.0,60758.15,9109.0,0.0,2675.0,67192.15,0.36,4.95,1.79,1.96,3.51,1.05,3.34,1.0,3.34,1.66,1.31,0.09,7.15,51.19,8.11,45.12,3.02,121.18,127.25
2021-08-10,BSX,Boston Scientific Corp,5.7136,11.5341,18.39,26.5145,35.9584,44.9278,51.2348,56.313,60.2243,63.3277,42.650001525878906,43.97999954223633,42.130001068115234,43.84000015258789,14862700.0,3077.0,1940.0,606.0,869.0,186.0,2675.0,2675.0,31168.0,9109.0,15942.0,642.0,308.0,120.0,645.0,505.0,0.0,0.12,1432.5,577.0,0.4,63.05,28.24,19.69,4.84,-24.83,6.04,2.79,3.34,1.88,21.77,3077.0,606.0,869.0,186.0,0.12,1421.72,29.23,36.36,57.14,7.05,1.0,0.0,60758.15,9109.0,0.0,2675.0,67192.15,0.36,4.95,1.79,1.96,3.51,1.05,3.34,1.0,3.34,1.66,1.31,0.09,7.15,51.19,8.11,45.12,3.02,121.18,127.25
2021-08-11,BSX,Boston Scientific Corp,5.702,11.5126,18.4289,26.5389,35.7632,44.7799,51.1188,56.2169,60.1419,63.2544,43.630001068115234,43.95000076293945,42.709999084472656,42.810001373291016,7582800.0,3077.0,1940.0,606.0,869.0,186.0,2675.0,2675.0,31168.0,9109.0,15942.0,642.0,308.0,120.0,645.0,505.0,0.0,0.12,1432.5,577.0,0.4,63.05,28.24,19.69,4.84,-24.83,6.04,2.79,3.34,1.88,21.77,3077.0,606.0,869.0,186.0,0.12,1421.72,29.23,36.36,57.14,7.05,1.0,0.0,60758.15,9109.0,0.0,2675.0,67192.15,0.36,4.95,1.79,1.96,3.51,1.05,3.34,1.0,3.34,1.66,1.31,0.09,7.15,51.19,8.11,45.12,3.02,121.18,127.25
2021-08-12,BSX,Boston Scientific Corp,5.9387,11.5261,18.3504,26.4904,35.7087,44.5895,50.8317,55.8694,59.7565,62.8452,44.06999969482422,44.2599983215332,43.47999954223633,43.65999984741211,5013700.0,3077.0,1940.0,606.0,869.0,186.0,2675.0,2675.0,31168.0,9109.0,15942.0,642.0,308.0,120.0,645.0,505.0,0.0,0.12,1432.5,577.0,0.4,63.05,28.24,19.69,4.84,-24.83,6.04,2.79,3.34,1.88,21.77,3077.0,606.0,869.0,186.0,0.12,1421.72,29.23,36.36,57.14,7.05,1.0,0.0,60758.15,9109.0,0.0,2675.0,67192.15,0.36,4.95,1.79,1.96,3.51,1.05,3.34,1.0,3.34,1.66,1.31,0.09,7.15,51.19,8.11,45.12,3.02,121.18,127.25
2021-08-13,BSX,Boston Scientific Corp,5.8857,11.469,18.2644,26.5161,36.0793,44.7684,50.8761,55.8233,59.6479,62.6925,44.33000183105469,44.369998931884766,43.849998474121094,44.0,3137400.0,3077.0,1940.0,606.0,869.0,186.0,2675.0,2675.0,31168.0,9109.0,15942.0,642.0,308.0,120.0,645.0,505.0,0.0,0.12,1432.5,577.0,0.4,63.05,28.24,19.69,4.84,-24.83,6.04,2.79,3.34,1.88,21.77,3077.0,606.0,869.0,186.0,0.12,1421.72,29.23,36.36,57.14,7.05,1.0,0.0,60758.15,9109.0,0.0,2675.0,67192.15,0.36,4.95,1.79,1.96,3.51,1.05,3.34,1.0,3.34,1.66,1.31,0.09,7.15,51.19,8.11,45.12,3.02,121.18,127.25
2021-08-16,BSX,Boston Scientific Corp,5.8235,11.486,18.3612,26.8201,36.4656,45.4332,51.7346,56.8055,60.7077,63.8014,44.65999984741211,44.709999084472656,44.09000015258789,44.29999923706055,5261700.0,3077.0,1940.0,606.0,869.0,186.0,2675.0,2675.0,31168.0,9109.0,15942.0,642.0,308.0,120.0,645.0,505.0,0.0,0.12,1432.5,577.0,0.4,63.05,28.24,19.69,4.84,-24.83,6.04,2.79,3.34,1.88,21.77,3077.0,606.0,869.0,186.0,0.12,1421.72,29.23,36.36,57.14,7.05,1.0,0.0,60758.15,9109.0,0.0,2675.0,67192.15,0.36,4.95,1.79,1.96,3.51,1.05,3.34,1.0,3.34,1.66,1.31,0.09,7.15,51.19,8.11,45.12,3.02,121.18,127.25
2021-08-17,BSX,Boston Scientific Corp,5.8723,11.4906,18.466,26.7947,36.6942,45.5568,51.7841,56.8016,60.6635,63.7259,45.150001525878906,45.380001068115234,44.369998931884766,44.630001068115234,8536400.0,3077.0,1940.0,606.0,869.0,186.0,2675.0,2675.0,31168.0,9109.0,15942.0,642.0,308.0,120.0,645.0,505.0,0.0,0.12,1432.5,577.0,0.4,63.05,28.24,19.69,4.84,-24.83,6.04,2.79,3.34,1.88,21.77,3077.0,606.0,869.0,186.0,0.12,1421.72,29.23,36.36,57.14,7.05,1.0,0.0,60758.15,9109.0,0.0,2675.0,67192.15,0.36,4.95,1.79,1.96,3.51,1.05,3.34,1.0,3.34,1.66,1.31,0.09,7.15,51.19,8.11,45.12,3.02,121.18,127.25
2021-08-18,BSX,Boston Scientific Corp,6.1482,11.8654,18.2682,27.0465,36.802,45.3839,51.4145,56.3018,60.0796,63.0865,44.09000015258789,45.099998474121094,44.060001373291016,45.08000183105469,10536400.0,3077.0,1940.0,606.0,869.0,186.0,2675.0,2675.0,31168.0,9109.0,15942.0,642.0,308.0,120.0,645.0,505.0,0.0,0.12,1432.5,577.0,0.4,63.05,28.24,19.69,4.84,-24.83,6.04,2.79,3.34,1.88,21.77,3077.0,606.0,869.0,186.0,0.12,1421.72,29.23,36.36,57.14,7.05,1.0,0.0,60758.15,9109.0,0.0,2675.0,67192.15,0.36,4.95,1.79,1.96,3.51,1.05,3.34,1.0,3.34,1.66,1.31,0.09,7.15,51.19,8.11,45.12,3.02,121.18,127.25
2021-08-19,BSX,Boston Scientific Corp,5.944,11.8703,19.1564,27.7982,38.0522,47.0014,53.2873,58.3256,62.1866,65.2361,44.27000045776367,44.56999969482422,43.79999923706055,43.9900016784668,4606900.0,3077.0,1940.0,606.0,869.0,186.0,2675.0,2675.0,31168.0,9109.0,15942.0,642.0,308.0,120.0,645.0,505.0,0.0,0.12,1432.5,577.0,0.4,63.05,28.24,19.69,4.84,-24.83,6.04,2.79,3.34,1.88,21.77,3077.0,606.0,869.0,186.0,0.12,1421.72,29.23,36.36,57.14,7.05,1.0,0.0,60758.15,9109.0,0.0,2675.0,67192.15,0.36,4.95,1.79,1.96,3.51,1.05,3.34,1.0,3.34,1.66,1.31,0.09,7.15,51.19,8.11,45.12,3.02,121.18,127.25
2021-08-20,BSX,Boston Scientific Corp,6.4771,11.8398,18.9545,27.7347,37.5093,46.2389,52.3723,57.3209,61.1322,64.1556,44.439998626708984,44.5099983215332,43.939998626708984,44.20000076293945,5214800.0,3077.0,1940.0,606.0,869.0,186.0,2675.0,2675.0,31168.0,9109.0,15942.0,642.0,308.0,120.0,645.0,505.0,0.0,0.12,1432.5,577.0,0.4,63.05,28.24,19.69,4.84,-24.83,6.04,2.79,3.34,1.88,21.77,3077.0,606.0,869.0,186.0,0.12,1421.72,29.23,36.36,57.14,7.05,1.0,0.0,60758.15,9109.0,0.0,2675.0,67192.15,0.36,4.95,1.79,1.96,3.51,1.05,3.34,1.0,3.34,1.66,1.31,0.09,7.15,51.19,8.11,45.12,3.02,121.18,127.25
2021-08-23,BSX,Boston Scientific Corp,5.9092,11.7592,18.7575,27.0212,37.1221,46.2897,52.7257,57.87,61.8091,64.9181,43.9900016784668,44.599998474121094,43.81999969482422,44.5,10137900.0,3077.0,1940.0,606.0,869.0,186.0,2675.0,2675.0,31168.0,9109.0,15942.0,642.0,308.0,120.0,645.0,505.0,0.0,0.12,1432.5,577.0,0.4,63.05,28.24,19.69,4.84,-24.83,6.04,2.79,3.34,1.88,21.77,3077.0,606.0,869.0,186.0,0.12,1421.72,29.23,36.36,57.14,7.05,1.0,0.0,60758.15,9109.0,0.0,2675.0,67192.15,0.36,4.95,1.79,1.96,3.51,1.05,3.34,1.0,3.34,1.66,1.31,0.09,7.15,51.19,8.11,45.12,3.02,121.18,127.25
2021-08-24,BSX,Boston Scientific Corp,7.0613,11.483,18.4606,26.5725,36.4361,44.997,51.0079,55.8905,59.6712,62.6846,44.849998474121094,45.68000030517578,44.0099983215332,44.15999984741211,7916700.0,3077.0,1940.0,606.0,869.0,186.0,2675.0,2675.0,31168.0,9109.0,15942.0,642.0,308.0,120.0,645.0,505.0,0.0,0.12,1432.5,577.0,0.4,63.05,28.24,19.69,4.84,-24.83,6.04,2.79,3.34,1.88,21.77,3077.0,606.0,869.0,186.0,0.12,1421.72,29.23,36.36,57.14,7.05,1.0,0.0,60758.15,9109.0,0.0,2675.0,67192.15,0.36,4.95,1.79,1.96,3.51,1.05,3.34,1.0,3.34,1.66,1.31,0.09,7.15,51.19,8.11,45.12,3.02,121.18,127.25
2021-08-25,BSX,Boston Scientific Corp,7.2322,11.538,18.5753,26.5331,36.1464,44.7512,50.7906,55.692,59.4862,62.5097,44.810001373291016,45.310001373291016,44.459999084472656,44.68000030517578,4271400.0,3077.0,1940.0,606.0,869.0,186.0,2675.0,2675.0,31168.0,9109.0,15942.0,642.0,308.0,120.0,645.0,505.0,0.0,0.12,1432.5,577.0,0.4,63.05,28.24,19.69,4.84,-24.83,6.04,2.79,3.34,1.88,21.77,3077.0,606.0,869.0,186.0,0.12,1421.72,29.23,36.36,57.14,7.05,1.0,0.0,60758.15,9109.0,0.0,2675.0,67192.15,0.36,4.95,1.79,1.96,3.51,1.05,3.34,1.0,3.34,1.66,1.31,0.09,7.15,51.19,8.11,45.12,3.02,121.18,127.25
2021-08-26,BSX,Boston Scientific Corp,6.9563,11.6403,17.9572,26.6394,36.1127,44.6825,50.6947,55.5747,59.3538,62.3665,44.65999984741211,44.88999938964844,44.52000045776367,44.709999084472656,4011300.0,3077.0,1940.0,606.0,869.0,186.0,2675.0,2675.0,31168.0,9109.0,15942.0,642.0,308.0,120.0,645.0,505.0,0.0,0.12,1432.5,577.0,0.4,63.05,28.24,19.69,4.84,-24.83,6.04,2.79,3.34,1.88,21.77,3077.0,606.0,869.0,186.0,0.12,1421.72,29.23,36.36,57.14,7.05,1.0,0.0,60758.15,9109.0,0.0,2675.0,67192.15,0.36,4.95,1.79,1.96,3.51,1.05,3.34,1.0,3.34,1.66,1.31,0.09,7.15,51.19,8.11,45.12,3.02,121.18,127.25
2021-08-27,BSX,Boston Scientific Corp,8.9155,10.8429,17.1059,25.9326,34.127,43.4032,49.9048,55.1305,59.1516,62.3402,44.79999923706055,45.040000915527344,44.59000015258789,44.849998474121094,4027500.0,3077.0,1940.0,606.0,869.0,186.0,2675.0,2675.0,31168.0,9109.0,15942.0,642.0,308.0,120.0,645.0,505.0,0.0,0.12,1432.5,577.0,0.4,63.05,28.24,19.69,4.84,-24.83,6.04,2.79,3.34,1.88,21.77,3077.0,606.0,869.0,186.0,0.12,1421.72,29.23,36.36,57.14,7.05,1.0,0.0,60758.15,9109.0,0.0,2675.0,67192.15,0.36,4.95,1.79,1.96,3.51,1.05,3.34,1.0,3.34,1.66,1.31,0.09,7.15,51.19,8.11,45.12,3.02,121.18,127.25
2021-08-30,BSX,Boston Scientific Corp,7.2022,11.294,17.6278,25.9284,34.7813,43.6506,49.8671,54.8968,58.7867,61.8841,44.83000183105469,45.09000015258789,44.630001068115234,44.880001068115234,3659900.0,3077.0,1940.0,606.0,869.0,186.0,2675.0,2675.0,31168.0,9109.0,15942.0,642.0,308.0,120.0,645.0,505.0,0.0,0.12,1432.5,577.0,0.4,63.05,28.24,19.69,4.84,-24.83,6.04,2.79,3.34,1.88,21.77,3077.0,606.0,869.0,186.0,0.12,1421.72,29.23,36.36,57.14,7.05,1.0,0.0,60758.15,9109.0,0.0,2675.0,67192.15,0.36,4.95,1.79,1.96,3.51,1.05,3.34,1.0,3.34,1.66,1.31,0.09,7.15,51.19,8.11,45.12,3.02,121.18,127.25
2021-08-31,BSX,Boston Scientific Corp,6.1315,11.6366,17.8834,26.238,35.6955,44.2652,50.2721,55.1572,58.9448,61.9675,45.150001525878906,45.27000045776367,44.68000030517578,44.88999938964844,6770000.0,3077.0,1940.0,606.0,869.0,186.0,2675.0,2675.0,31168.0,9109.0,15942.0,642.0,308.0,120.0,645.0,505.0,0.0,0.12,1432.5,577.0,0.4,63.05,28.24,19.69,4.84,-24.83,6.04,2.79,3.34,1.88,21.77,3077.0,606.0,869.0,186.0,0.12,1421.72,29.23,36.36,57.14,7.05,1.0,0.0,60758.15,9109.0,0.0,2675.0,67192.15,0.36,4.95,1.79,1.96,3.51,1.05,3.34,1.0,3.34,1.66,1.31,0.09,7.15,51.19,8.11,45.12,3.02,121.18,127.25
2021-09-01,BSX,Boston Scientific Corp,6.5363,11.8517,18.0273,26.0718,35.6653,43.9499,49.7558,54.5076,58.2092,61.1753,45.58000183105469,45.70000076293945,44.90999984741211,45.33000183105469,5408500.0,3077.0,1940.0,606.0,869.0,186.0,2675.0,2675.0,31168.0,9109.0,15942.0,642.0,308.0,120.0,645.0,505.0,0.0,0.12,1432.5,577.0,0.4,63.05,28.24,19.69,4.84,-24.83,6.04,2.79,3.34,1.88,21.77,3077.0,606.0,869.0,186.0,0.12,1421.72,29.23,36.36,57.14,7.05,1.0,0.0,60758.15,9109.0,0.0,2675.0,67192.15,0.36,4.95,1.79,1.96,3.51,1.05,3.34,1.0,3.34,1.66,1.31,0.09,7.15,51.19,8.11,45.12,3.02,121.18,127.25
2021-09-02,BSX,Boston Scientific Corp,6.7202,11.8309,17.9924,26.0456,35.5957,43.8269,49.595,54.3238,58.012,60.9704,45.060001373291016,45.869998931884766,44.95000076293945,45.79999923706055,7294900.0,3077.0,1940.0,606.0,869.0,186.0,2675.0,2675.0,31168.0,9109.0,15942.0,642.0,308.0,120.0,645.0,505.0,0.0,0.12,1432.5,577.0,0.4,63.05,28.24,19.69,4.84,-24.83,6.04,2.79,3.34,1.88,21.77,3077.0,606.0,869.0,186.0,0.12,1421.72,29.23,36.36,57.14,7.05,1.0,0.0,60758.15,9109.0,0.0,2675.0,67192.15,0.36,4.95,1.79,1.96,3.51,1.05,3.34,1.0,3.34,1.66,1.31,0.09,7.15,51.19,8.11,45.12,3.02,121.18,127.25
2021-09-03,BSX,Boston Scientific Corp,6.7385,11.8033,17.9672,26.0616,35.544,43.8393,49.6512,54.4107,58.1196,61.0923,44.91999816894531,45.119998931884766,44.459999084472656,45.0,8243800.0,3077.0,1940.0,606.0,869.0,186.0,2675.0,2675.0,31168.0,9109.0,15942.0,642.0,308.0,120.0,645.0,505.0,0.0,0.12,1432.5,577.0,0.4,63.05,28.24,19.69,4.84,-24.83,6.04,2.79,3.34,1.88,21.77,3077.0,606.0,869.0,186.0,0.12,1421.72,29.23,36.36,57.14,7.05,1.0,0.0,60758.15,9109.0,0.0,2675.0,67192.15,0.36,4.95,1.79,1.96,3.51,1.05,3.34,1.0,3.34,1.66,1.31,0.09,7.15,51.19,8.11,45.12,3.02,121.18,127.25
2021-09-07,BSX,Boston Scientific Corp,6.5822,11.78,18.0554,26.1033,35.8796,44.1607,49.9577,54.6973,58.3875,61.3432,45.099998474121094,45.15999984741211,44.27000045776367,44.65999984741211,3609900.0,3077.0,1940.0,606.0,869.0,186.0,2675.0,2675.0,31168.0,9109.0,15942.0,642.0,308.0,120.0,645.0,505.0,0.0,0.12,1432.5,577.0,0.4,63.05,28.24,19.69,4.84,-24.83,6.04,2.79,3.34,1.88,21.77,3077.0,606.0,869.0,186.0,0.12,1421.72,29.23,36.36,57.14,7.05,1.0,0.0,60758.15,9109.0,0.0,2675.0,67192.15,0.36,4.95,1.79,1.96,3.51,1.05,3.34,1.0,3.34,1.66,1.31,0.09,7.15,51.19,8.11,45.12,3.02,121.18,127.25
2021-09-08,BSX,Boston Scientific Corp,6.7077,11.7932,18.0678,26.6458,36.3978,44.6655,50.4518,55.1758,58.8492,61.7878,45.5099983215332,45.79999923706055,44.86000061035156,45.029998779296875,5470400.0,3077.0,1940.0,606.0,869.0,186.0,2675.0,2675.0,31168.0,9109.0,15942.0,642.0,308.0,120.0,645.0,505.0,0.0,0.12,1432.5,577.0,0.4,63.05,28.24,19.69,4.84,-24.83,6.04,2.79,3.34,1.88,21.77,3077.0,606.0,869.0,186.0,0.12,1421.72,29.23,36.36,57.14,7.05,1.0,0.0,60758.15,9109.0,0.0,2675.0,67192.15,0.36,4.95,1.79,1.96,3.51,1.05,3.34,1.0,3.34,1.66,1.31,0.09,7.15,51.19,8.11,45.12,3.02,121.18,127.25
2021-09-09,BSX,Boston Scientific Corp,6.9368,11.2332,17.5675,25.9509,35.8622,44.4698,50.492,55.3767,59.1598,62.1755,45.40999984741211,45.95000076293945,45.27000045776367,45.5,4944400.0,3077.0,1940.0,606.0,869.0,186.0,2675.0,2675.0,31168.0,9109.0,15942.0,642.0,308.0,120.0,645.0,505.0,0.0,0.12,1432.5,577.0,0.4,63.05,28.24,19.69,4.84,-24.83,6.04,2.79,3.34,1.88,21.77,3077.0,606.0,869.0,186.0,0.12,1421.72,29.23,36.36,57.14,7.05,1.0,0.0,60758.15,9109.0,0.0,2675.0,67192.15,0.36,4.95,1.79,1.96,3.51,1.05,3.34,1.0,3.34,1.66,1.31,0.09,7.15,51.19,8.11,45.12,3.02,121.18,127.25
2021-09-10,BSX,Boston Scientific Corp,9.725,10.9044,17.2946,25.8741,35.2173,43.4684,49.2419,53.983,57.6827,60.6517,44.459999084472656,45.560001373291016,44.25,45.40999984741211,5105700.0,3077.0,1940.0,606.0,869.0,186.0,2675.0,2675.0,31168.0,9109.0,15942.0,642.0,308.0,120.0,645.0,505.0,0.0,0.12,1432.5,577.0,0.4,63.05,28.24,19.69,4.84,-24.83,6.04,2.79,3.34,1.88,21.77,3077.0,606.0,869.0,186.0,0.12,1421.72,29.23,36.36,57.14,7.05,1.0,0.0,60758.15,9109.0,0.0,2675.0,67192.15,0.36,4.95,1.79,1.96,3.51,1.05,3.34,1.0,3.34,1.66,1.31,0.09,7.15,51.19,8.11,45.12,3.02,121.18,127.25
